file	path	english	machine_santali	reviewed_by	corrected_santali
src/scenarios/gas-confined-space.json	$.props[0].label	Settling sump opening	ᱥᱮᱴᱞᱤᱝ ᱥᱚᱢᱯ ᱠᱷᱩᱡᱽ		
src/scenarios/gas-confined-space.json	$.props[1].label	Confined space warning board	ᱨᱩᱡᱩ ᱡᱟᱭᱜᱟ ᱦᱩᱥᱤᱭᱟᱨ ᱵᱳᱨᱰ		
src/scenarios/gas-confined-space.json	$.props[2].label	Work permit board	ᱠᱟᱹᱢᱤ ᱯᱟᱨᱢᱤᱴ ᱵᱳᱨᱰ		
src/scenarios/gas-confined-space.json	$.props[3].label	Portable ventilation blower	ᱟᱛ ᱪᱮᱛᱟᱱ ᱦᱟᱣᱟ ᱵᱞᱚᱣᱟᱨ		
src/scenarios/gas-confined-space.json	$.props[4].label	Four-gas detector	ᱟᱠᱟᱛ-ᱜᱮᱥ ᱰᱤᱴᱮᱠᱴᱚᱨ		
src/scenarios/gas-confined-space.json	$.props[5].label	Spare gas detector	ᱮᱴᱟᱜ ᱜᱮᱥ ᱰᱤᱴᱮᱠᱴᱚᱨ		
src/scenarios/gas-confined-space.json	$.props[6].label	Detector readout	ᱰᱤᱴᱮᱠᱴᱚᱨ ᱨᱤᱰᱤᱝ		
src/scenarios/gas-confined-space.json	$.props[7].label	Breathing apparatus	ᱥᱟᱶᱥ ᱡᱚᱛᱚᱱ		
src/scenarios/gas-confined-space.json	$.props[8].label	Full-body harness	ᱚᱲᱟᱜ-ᱦᱳᱨ ᱦᱟᱨᱱᱮᱥ		
src/scenarios/gas-confined-space.json	$.props[9].label	Retrieval line and tripod	ᱟᱹᱰᱤ ᱠᱚᱨᱮᱭᱟᱜ ᱞᱟᱭᱤᱱ ᱟᱨ ᱴᱨᱟᱭᱯᱚᱰ		
src/scenarios/gas-confined-space.json	$.props[10].label	Standby person	ᱥᱴᱮᱸᱰᱵᱟᱭ ᱦᱳᱲ		
src/scenarios/gas-confined-space.json	$.props[11].label	Shift supervisor	ᱥᱤᱯᱷᱴ ᱥᱩᱯᱚᱨᱵᱟᱭᱡᱚᱨ		
src/scenarios/gas-confined-space.json	$.props[12].label	Radio to control room	ᱠᱚᱱᱴᱨᱚᱞ ᱨᱩᱢ ᱞᱟᱹᱜᱤᱫ ᱨᱮᱰᱤᱭᱳ		
src/scenarios/gas-confined-space.json	$.props[13].label	Collapsed worker	ᱵᱮᱦᱳᱥ ᱠᱟᱹᱢᱤᱭᱟᱹ		
src/scenarios/gas-confined-space.json	$.props[14].label	Tool box	ᱚᱡᱟᱨ ᱯᱮᱴᱤ		
src/scenarios/gas-confined-space.json	$.props[15].label	Wheelbarrow	ᱴᱷᱮᱞᱟ		
src/scenarios/gas-confined-space.json	$.nodes[0].prompt.text	It is the {{shift}} shift. Your supervisor tells you to clean the settling sump. Do not touch anything yet. First, look carefully at everything around you.	ᱱᱚᱶᱟ {{shift}} ᱥᱤᱯᱷᱴ ᱠᱟᱱᱟ ᱾ ᱟᱢᱟᱜ ᱥᱩᱯᱚᱨᱵᱟᱭᱡᱚᱨ ᱟᱢ ᱥᱮᱴᱞᱤᱝ ᱥᱚᱢᱯ ᱥᱟᱯᱷᱟᱭ ᱞᱟᱹᱜᱤᱫ ᱢᱮᱛᱟᱭᱟᱜᱼᱟ ᱾ ᱱᱤᱛᱚᱜ ᱚᱠᱛᱚ ᱵᱟᱭ ᱡᱚᱛᱚ ᱢᱮ ᱾ ᱯᱩᱭᱞᱩ, ᱟᱢᱟᱜ ᱪᱟᱨᱤᱭᱟᱜ ᱡᱤᱱᱤᱥ ᱠᱚ ᱥᱟᱶᱛᱮ ᱦᱮᱨ ᱢᱮ ᱾		
src/scenarios/gas-confined-space.json	$.nodes[1].errors[0].consequence.text	You climbed in while you were still working out what this job was. Nothing had been checked, and nobody had been told.	ᱟᱢ ᱡᱟᱦᱟᱸ ᱠᱟᱹᱢᱤ ᱠᱟᱱᱟ ᱩᱱᱤ ᱵᱟᱭ ᱵᱩᱡᱷᱟᱹᱣ ᱠᱮᱫᱮᱭᱟᱢ ᱟᱨ ᱨᱮᱭᱟᱜ ᱢᱮᱱᱟᱢᱟ ᱾ ᱚᱠᱛᱚ ᱵᱟᱭ ᱠᱩᱞᱤ ᱠᱟᱱᱟ, ᱟᱨ ᱚᱠᱚᱭ ᱵᱟᱭ ᱠᱷᱚᱵᱚᱨ ᱟᱠᱟᱱᱟ ᱾		
src/scenarios/gas-confined-space.json	$.nodes[1].onTimeout.consequence.text	You did not register the confined space board. Every step after this one is now being taken blind.	ᱟᱢ ᱨᱩᱡᱩ ᱡᱟᱭᱜᱟ ᱵᱳᱨᱰ ᱵᱟᱭ ᱦᱮᱨᱠᱮᱫᱟ ᱾ ᱱᱚᱶᱟ ᱛᱟᱭᱚᱢ ᱨᱮᱭᱟᱜ ᱡᱚᱛᱚ ᱦᱚᱨᱟ ᱫᱚ ᱠᱟᱱᱟᱭ ᱵᱟᱭ ᱧᱮᱞ ᱠᱟᱛᱮ ᱠᱟᱹᱢᱤᱭᱟᱢᱟ ᱾		
src/scenarios/gas-confined-space.json	$.nodes[2].prompt.text	Do not go near the sump yet. A spoken instruction is not enough — first, walk to the permit board and look at it.	ᱱᱤᱛᱚᱜ ᱥᱚᱢᱯ ᱥᱮᱴᱮᱨ ᱟᱠ ᱵᱟᱭ ᱪᱟᱞᱟᱠ ᱢᱮ ᱾ ᱠᱟᱛᱷᱟ ᱛᱮ ᱦᱩᱠᱩᱢ ᱫᱚ ᱵᱟᱭ ᱜᱟᱱᱚᱜ — ᱯᱩᱭᱞᱩ, ᱯᱟᱨᱢᱤᱴ ᱵᱳᱨᱰ ᱛᱮ ᱪᱟᱞᱟᱜ ᱢᱮ ᱟᱨ ᱦᱮᱨ ᱢᱮ ᱾		
src/scenarios/gas-confined-space.json	$.nodes[2].expect[0].label	Check the work permit	ᱠᱟᱹᱢᱤ ᱯᱟᱨᱢᱤᱴ ᱠᱩᱞᱤ ᱢᱮ		
src/scenarios/gas-confined-space.json	$.nodes[2].errors[0].consequence.text	You climbed in on a verbal order. No permit, no gas test, nobody watching the opening.	ᱟᱢ ᱠᱟᱛᱷᱟ ᱦᱩᱠᱩᱢ ᱛᱮ ᱨᱮᱭᱟᱜ ᱠᱮᱫᱟ ᱾ ᱚᱠᱛᱚ ᱯᱟᱨᱢᱤᱴ ᱵᱟᱝ, ᱚᱠᱛᱚ ᱜᱮᱥ ᱠᱩᱞᱤ ᱵᱟᱝ, ᱚᱠᱚᱭ ᱵᱟᱝ ᱠᱷᱩᱡᱽ ᱧᱮᱞ ᱛᱟᱦᱮᱸᱱᱟ ᱾		
src/scenarios/gas-confined-space.json	$.nodes[2].onTimeout.consequence.text	You never looked at the permit board.	ᱟᱢ ᱛᱮᱦᱮᱸᱧ ᱯᱟᱨᱢᱤᱴ ᱵᱳᱨᱰ ᱵᱟᱭ ᱦᱮᱨᱠᱮᱫᱟ ᱾		
src/scenarios/gas-confined-space.json	$.nodes[3].prompt.text	There is no permit on the board for this sump. Do not enter. Report this to your supervisor and stop work.	ᱱᱚᱶᱟ ᱥᱚᱢᱯ ᱞᱟᱹᱜᱤᱫ ᱵᱳᱨᱰ ᱨᱮ ᱚᱠᱛᱚ ᱯᱟᱨᱢᱤᱴ ᱵᱟᱝᱟ ᱾ ᱟᱛ ᱵᱟᱭ ᱡᱚᱛᱚ ᱢᱮ ᱾ ᱟᱢᱟᱜ ᱥᱩᱯᱚᱨᱵᱟᱭᱡᱚᱨ ᱠᱷᱚᱵᱚᱨ ᱮᱢ ᱢᱮ ᱟᱨ ᱠᱟᱹᱢᱤ ᱛᱟᱸᱦᱮᱸᱱ ᱢᱮ ᱾		
src/scenarios/gas-confined-space.json	$.nodes[3].expect[0].label	Report to the supervisor and stop work	ᱥᱩᱯᱚᱨᱵᱟᱭᱡᱚᱨ ᱠᱷᱚᱵᱚᱨ ᱮᱢ ᱢᱮ ᱟᱨ ᱠᱟᱹᱢᱤ ᱛᱟᱸᱦᱮᱸᱱ ᱢᱮ		
src/scenarios/gas-confined-space.json	$.nodes[3].errors[0].consequence.text	You saw there was no permit and went in anyway.	ᱟᱢ ᱧᱮᱞ ᱠᱮᱫᱟ ᱡᱮ ᱚᱠᱛᱚ ᱯᱟᱨᱢᱤᱴ ᱵᱟᱝᱟ, ᱛᱤᱱᱟᱹᱜ ᱨᱮ ᱟᱛ ᱡᱚᱛᱚ ᱠᱮᱫᱟ ᱾		
src/scenarios/gas-confined-space.json	$.nodes[3].onTimeout.consequence.text	You stood there. A missing permit is something you are required to report, not wait out.	ᱟᱢ ᱚᱱᱰᱮ ᱛᱤᱝᱩ ᱠᱮᱫᱟ ᱾ ᱵᱟᱝ ᱢᱮᱱᱟᱜ ᱯᱟᱨᱢᱤᱴ ᱫᱚ ᱠᱷᱚᱵᱚᱨ ᱮᱢ ᱞᱟᱹᱜᱤᱫ ᱡᱤᱱᱤᱥ ᱠᱟᱱᱟ, ᱛᱟᱸᱦᱮᱸᱱ ᱞᱟᱹᱜᱤᱫ ᱵᱟᱝᱟ ᱾		
src/scenarios/gas-confined-space.json	$.nodes[4].prompt.text	There is a permit on the board. But look at the date — it was issued for yesterday's shift, so it is no longer valid. Report this to your supervisor and stop work.	ᱵᱳᱨᱰ ᱨᱮ ᱯᱟᱨᱢᱤᱴ ᱢᱮᱱᱟᱜᱼᱟ ᱾ ᱢᱮᱱᱠᱷᱟᱱ ᱛᱟᱨᱤᱠᱷ ᱦᱮᱨ ᱢᱮ — ᱩᱱᱤ ᱦᱚᱞᱟ ᱥᱤᱯᱷᱴ ᱞᱟᱹᱜᱤᱫ ᱮᱢ ᱟᱠᱟᱱᱟ, ᱚᱱᱟ ᱛᱮ ᱱᱤᱛᱚᱜ ᱵᱟᱭ ᱪᱟᱞᱟᱜᱼᱟ ᱾ ᱟᱢᱟᱜ ᱥᱩᱯᱚᱨᱵᱟᱭᱡᱚᱨ ᱠᱷᱚᱵᱚᱨ ᱮᱢ ᱢᱮ ᱟᱨ ᱠᱟᱹᱢᱤ ᱛᱟᱸᱦᱮᱸᱱ ᱢᱮ ᱾		
src/scenarios/gas-confined-space.json	$.nodes[4].expect[0].label	Flag the expired permit and stop work	ᱢᱟᱲᱟᱝ ᱯᱟᱨᱢᱤᱴ ᱨᱮᱭᱟᱜ ᱠᱷᱚᱵᱚᱨ ᱮᱢ ᱢᱮ ᱟᱨ ᱠᱟᱹᱢᱤ ᱛᱟᱸᱦᱮᱸᱱ ᱢᱮ		
src/scenarios/gas-confined-space.json	$.nodes[4].errors[0].consequence.text	An expired permit is not a permit. The atmosphere it certified was yesterday's.	ᱢᱟᱲᱟᱝ ᱯᱟᱨᱢᱤᱴ ᱫᱚ ᱯᱟᱨᱢᱤᱴ ᱵᱟᱝᱟ ᱾ ᱡᱟᱦᱟᱸ ᱦᱟᱣᱟ ᱨᱮᱭᱟᱜ ᱥᱟᱠᱷᱭᱟᱛ ᱮᱢᱟᱱᱟ, ᱩᱱᱤ ᱫᱚ ᱦᱚᱞᱟ ᱛᱤᱸᱜᱩᱟᱜ ᱠᱟᱱᱟᱭ ᱾		
src/scenarios/gas-confined-space.json	$.nodes[4].onTimeout.consequence.text	You let an expired permit stand.	ᱟᱢ ᱢᱟᱲᱟᱝ ᱯᱟᱨᱢᱤᱴ ᱛᱟᱸᱦᱮᱸᱱ ᱮᱫᱟᱭ ᱾		
src/scenarios/gas-confined-space.json	$.nodes[5].prompt.text	Before anyone goes near the opening, test the air from outside. First, use the gas detector — switch it on and lower it into the opening. Then look at the detector screen and read the result.	ᱚᱠᱚᱭᱚᱜ ᱠᱷᱩᱡᱽ ᱥᱮᱴᱮᱨ ᱵᱟᱭ ᱡᱚᱛᱚ ᱛᱮᱭᱟᱨ, ᱵᱟᱦᱨᱮ ᱠᱷᱚᱱ ᱦᱟᱣᱟ ᱠᱩᱞᱤ ᱢᱮ ᱾ ᱯᱩᱭᱞᱩ, ᱜᱮᱥ ᱰᱤᱴᱮᱠᱴᱚᱨ ᱵᱮᱵᱷᱟᱨ ᱢᱮ — ᱚᱱ ᱢᱮ ᱟᱨ ᱠᱷᱩᱡᱽ ᱨᱮ ᱚᱲᱚᱠ ᱢᱮ ᱾ ᱚᱱᱟ ᱛᱟᱭᱚᱢ ᱰᱤᱴᱮᱠᱴᱚᱨ ᱨᱮᱭᱟᱜ ᱥᱠᱨᱤᱱ ᱦᱮᱨ ᱢᱮ ᱟᱨ ᱨᱤᱰᱤᱝ ᱯᱟᱲᱦᱟᱣ ᱢᱮ ᱾		
src/scenarios/gas-confined-space.json	$.nodes[5].expect[0].label	Switch on and lower the gas detector	ᱜᱮᱥ ᱰᱤᱴᱮᱠᱴᱚᱨ ᱚᱱ ᱢᱮ ᱟᱨ ᱞᱟᱦᱟ ᱨᱮ ᱚᱲᱚᱠ ᱢᱮ		
src/scenarios/gas-confined-space.json	$.nodes[5].expect[1].label	Read the four-gas readout	ᱟᱠᱟᱛ-ᱜᱮᱥ ᱨᱤᱰᱤᱝ ᱯᱟᱲᱦᱟᱣ ᱢᱮ		
src/scenarios/gas-confined-space.json	$.nodes[5].errors[0].consequence.text	You went in without testing. The sump held {{gas}} and only {{o2}} percent oxygen. You had about two breaths.	ᱟᱢ ᱠᱩᱞᱤ ᱵᱟᱭ ᱠᱟᱛᱮ ᱟᱛ ᱡᱚᱛᱚ ᱠᱮᱫᱟ ᱾ ᱥᱚᱢᱯ ᱨᱮ {{gas}} ᱟᱨ ᱴᱷᱮᱱ {{o2}} ᱯᱚᱨᱥᱮᱸᱴ ᱳᱠᱥᱤᱡᱮᱱ ᱛᱟᱸᱦᱮᱸᱸᱠᱟᱱᱟ ᱾ ᱟᱢ ᱡᱚᱛᱟᱠᱟᱛᱮ ᱵᱟᱨ ᱥᱟᱶᱥ ᱴᱟᱲᱟᱝ ᱛᱟᱭᱚᱢ ᱛᱟᱦᱮᱸᱱ ᱠᱮᱫᱟᱢ ᱾		
src/scenarios/gas-confined-space.json	$.nodes[5].errors[1].consequence.text	You leaned over the opening and sniffed. Hydrogen sulphide deadens your sense of smell within seconds — by the time it stops smelling, it is at its most dangerous. Your nose is not an instrument.	ᱟᱢ ᱠᱷᱩᱡᱽ ᱪᱮᱛᱟᱱ ᱩᱠᱩ ᱠᱮᱫᱟ ᱟᱨ ᱥᱩᱝᱜᱩᱫ ᱠᱮᱫᱟ ᱾ ᱦᱟᱭᱰᱨᱳᱡᱮᱱ ᱥᱟᱞᱯᱷᱟᱭᱰ ᱫᱚ ᱠᱚᱸ ᱴᱟᱲᱟᱝ ᱨᱮ ᱟᱢᱟᱜ ᱥᱩᱝᱜᱩᱫ ᱥᱚᱠᱛᱤ ᱵᱚᱸᱫ ᱮᱫᱟᱭ — ᱚᱠᱛᱚ ᱵᱟᱭ ᱥᱩᱝᱜᱩᱫᱟᱢ, ᱚᱠᱛᱚ ᱫᱚ ᱴᱷᱤᱠ ᱚᱱᱟ ᱚᱠᱛᱚ ᱫᱚ ᱡᱟᱹᱥᱛᱤ ᱵᱤᱯᱚᱫ ᱠᱟᱱᱟ ᱾ ᱟᱢᱟᱜ ᱢᱩᱪᱟᱹᱫ ᱫᱚ ᱡᱚᱛᱚᱱ ᱵᱟᱝᱟ ᱾		
src/scenarios/gas-confined-space.json	$.nodes[5].onTimeout.consequence.text	The atmosphere was never tested. Nobody in this yard knows what is in that sump.	ᱦᱟᱣᱟ ᱫᱚ ᱛᱮᱦᱮᱸᱧ ᱵᱟᱭ ᱠᱩᱞᱤ ᱠᱟᱱᱟ ᱾ ᱱᱚᱶᱟ ᱭᱟᱨᱰ ᱨᱮ ᱚᱠᱚᱭ ᱵᱟᱭ ᱵᱟᱰᱟᱭᱟ ᱡᱟᱦᱟᱸ ᱚᱱᱟ ᱥᱚᱢᱯ ᱨᱮ ᱢᱮᱱᱟᱜᱼᱟ ᱾		
src/scenarios/gas-confined-space.json	$.nodes[6].prompt.text	The detector reads {{o2}} percent oxygen — below the safe limit — and {{gas}} is present. This sump cannot be entered as it stands.	ᱰᱤᱴᱮᱠᱴᱚᱨ ᱨᱮ {{o2}} ᱯᱚᱨᱥᱮᱸᱴ ᱳᱠᱥᱤᱡᱮᱱ ᱠᱚᱸ — ᱨᱚᱠᱷᱟ ᱥᱤᱢᱟ ᱠᱷᱚᱱ ᱠᱚᱢ — ᱟᱨ {{gas}} ᱢᱮᱱᱟᱜᱼᱟ ᱾ ᱱᱚᱶᱟ ᱥᱚᱢᱯ ᱨᱮ ᱱᱤᱛᱚᱜ ᱵᱟᱭ ᱡᱚᱛᱚ ᱫᱟᱲᱮᱭᱟᱜᱼᱟ ᱾		
src/scenarios/gas-confined-space.json	$.nodes[7].prompt.text	The air is not safe yet. First, use the ventilation blower — switch it on. Then wait for it to clear the air. After that, use the gas detector again — the old reading no longer counts.	ᱦᱟᱣᱟ ᱫᱚ ᱱᱤᱛᱚᱜ ᱵᱟᱭ ᱨᱚᱠᱷᱟ ᱠᱟᱱᱟ ᱾ ᱯᱩᱭᱞᱩ, ᱦᱟᱣᱟ ᱵᱞᱚᱣᱟᱨ ᱵᱮᱵᱷᱟᱨ ᱢᱮ — ᱚᱱ ᱢᱮ ᱾ ᱚᱱᱟ ᱛᱟᱭᱚᱢ ᱦᱟᱣᱟ ᱯᱷᱟᱨᱪᱟ ᱦᱩᱭ ᱛᱟᱦᱮᱸᱱ ᱢᱮ ᱾ ᱚᱱᱟ ᱞᱟᱦᱟ, ᱫᱚᱦᱲᱟ ᱜᱮᱥ ᱰᱤᱴᱮᱠᱴᱚᱨ ᱵᱮᱵᱷᱟᱨ ᱢᱮ — ᱢᱟᱨᱟᱝ ᱨᱤᱰᱤᱝ ᱫᱚ ᱱᱤᱛᱚᱜ ᱵᱟᱭ ᱴᱷᱤᱠ ᱠᱟᱱᱟ ᱾		
src/scenarios/gas-confined-space.json	$.nodes[7].expect[0].label	Start the ventilation blower	ᱦᱟᱣᱟ ᱵᱞᱚᱣᱟᱨ ᱮᱛᱦᱚᱵ ᱢᱮ		
src/scenarios/gas-confined-space.json	$.nodes[7].expect[1].label	Let it purge	ᱦᱟᱣᱟ ᱯᱷᱟᱨᱪᱟ ᱦᱩᱭ ᱛᱟᱦᱮᱸᱱ ᱢᱮ		
src/scenarios/gas-confined-space.json	$.nodes[7].expect[2].label	Re-test the atmosphere	ᱫᱚᱦᱲᱟ ᱦᱟᱣᱟ ᱠᱩᱞᱤ ᱢᱮ		
src/scenarios/gas-confined-space.json	$.nodes[7].errors[0].consequence.text	You knew the reading and went in anyway.	ᱟᱢ ᱨᱤᱰᱤᱝ ᱵᱟᱰᱟᱭ ᱠᱮᱫᱟᱢ, ᱛᱤᱱᱟᱹᱜ ᱨᱮ ᱟᱛ ᱡᱚᱛᱚ ᱠᱮᱫᱟᱢ ᱾		
src/scenarios/gas-confined-space.json	$.nodes[7].onTimeout.consequence.text	The space was never ventilated.	ᱡᱟᱭᱜᱟ ᱨᱮ ᱛᱮᱦᱮᱸᱧ ᱵᱟᱭ ᱦᱟᱣᱟ ᱪᱟᱞᱟᱣ ᱮᱱᱟ ᱾		
src/scenarios/gas-confined-space.json	$.nodes[8].prompt.text	The air is better now, but the space is still not fully safe. Wear the breathing apparatus. Wear the full-body harness. Then attach the retrieval line to the tripod.	ᱦᱟᱣᱟ ᱫᱚ ᱱᱤᱛᱚᱜ ᱵᱟᱲᱛᱤ ᱠᱟᱱᱟ, ᱢᱮᱱᱠᱷᱟᱱ ᱡᱟᱭᱜᱟ ᱫᱚ ᱛᱮᱦᱮᱸᱧ ᱯᱚᱨᱟ ᱨᱚᱠᱷᱟ ᱵᱟᱭ ᱟᱠᱟᱱᱟ ᱾ ᱥᱟᱶᱥ ᱡᱚᱛᱚᱱ ᱮᱰᱟ ᱢᱮ ᱾ ᱚᱲᱟᱜ-ᱦᱳᱨ ᱦᱟᱨᱱᱮᱥ ᱮᱰᱟ ᱢᱮ ᱾ ᱚᱱᱟ ᱛᱟᱭᱚᱢ ᱟᱹᱰᱤ ᱠᱚᱨᱮᱭᱟᱜ ᱞᱟᱭᱤᱱ ᱴᱨᱟᱭᱯᱚᱰ ᱨᱮ ᱛᱟᱸᱛᱤ ᱢᱮ ᱾		
src/scenarios/gas-confined-space.json	$.nodes[8].expect[0].label	Wear the breathing apparatus	ᱥᱟᱶᱥ ᱡᱚᱛᱚᱱ ᱮᱰᱟ ᱢᱮ		
src/scenarios/gas-confined-space.json	$.nodes[8].expect[1].label	Wear the full-body harness	ᱚᱲᱟᱜ-ᱦᱳᱨ ᱦᱟᱨᱱᱮᱥ ᱮᱰᱟ ᱢᱮ		
src/scenarios/gas-confined-space.json	$.nodes[8].expect[2].label	Clip the retrieval line	ᱟᱹᱰᱤ ᱠᱚᱨᱮᱭᱟᱜ ᱞᱟᱭᱤᱱ ᱛᱟᱸᱛᱤ ᱢᱮ		
src/scenarios/gas-confined-space.json	$.nodes[8].errors[0].consequence.text	No breathing set, no line. If anything goes wrong down there, nobody can pull you out.	ᱚᱠᱛᱚ ᱥᱟᱶᱥ ᱡᱚᱛᱚᱱ ᱵᱟᱝ, ᱚᱠᱛᱚ ᱞᱟᱭᱤᱱ ᱵᱟᱝᱟ ᱾ ᱞᱟᱦᱟ ᱨᱮ ᱡᱚᱛᱚ ᱵᱤᱜᱟᱲ ᱛᱟᱦᱮᱸᱱᱠᱷᱟᱱ, ᱚᱠᱚᱭ ᱵᱟᱭ ᱟᱢ ᱡᱟᱨᱣᱟᱭ ᱫᱟᱲᱮᱭᱟᱜᱼᱟ ᱾		
src/scenarios/gas-confined-space.json	$.nodes[8].onTimeout.consequence.text	You were still not wearing the set when the window closed.	ᱚᱠᱛᱚ ᱮᱴᱟᱜ ᱠᱟᱱᱟᱜ ᱚᱠᱛᱚ, ᱟᱢ ᱛᱮᱦᱮᱸᱧ ᱥᱟᱶᱥ ᱡᱚᱛᱚᱱ ᱵᱟᱭ ᱮᱰᱟᱭ ᱠᱮᱫᱟᱢ ᱾		
src/scenarios/gas-confined-space.json	$.nodes[9].prompt.text	You cannot go in alone. First, signal the standby person to stand at the opening. Then use the radio to report to the control room that you are going in.	ᱟᱢ ᱟᱰᱤ ᱟᱛ ᱵᱟᱭ ᱡᱚᱛᱚ ᱫᱟᱲᱮᱭᱟᱜᱼᱟᱢ ᱾ ᱯᱩᱭᱞᱩ, ᱥᱴᱮᱸᱰᱵᱟᱭ ᱦᱳᱲ ᱠᱷᱩᱡᱽ ᱨᱮ ᱛᱤᱝᱩ ᱞᱟᱹᱜᱤᱫ ᱥᱮᱱᱚᱛ ᱢᱮ ᱾ ᱚᱱᱟ ᱛᱟᱭᱚᱢ ᱨᱮᱰᱤᱭᱳ ᱛᱮ ᱠᱚᱱᱴᱨᱚᱞ ᱨᱩᱢ ᱠᱷᱚᱵᱚᱨ ᱮᱢ ᱢᱮ ᱡᱮ ᱟᱢ ᱟᱛ ᱡᱚᱛᱚ ᱠᱟᱱᱟᱢ ᱾		
src/scenarios/gas-confined-space.json	$.nodes[9].expect[0].label	Post the standby person	ᱥᱴᱮᱸᱰᱵᱟᱭ ᱦᱳᱲ ᱛᱤᱸᱜᱩ ᱢᱮ		
src/scenarios/gas-confined-space.json	$.nodes[9].expect[1].label	Inform the control room	ᱠᱚᱱᱴᱨᱚᱞ ᱨᱩᱢ ᱠᱷᱚᱵᱚᱨ ᱮᱢ ᱢᱮ		
src/scenarios/gas-confined-space.json	$.nodes[9].errors[0].consequence.text	You went down with nobody at the opening. Whatever happens next, nobody above knows it is happening.	ᱟᱢ ᱚᱰᱚᱠ ᱠᱮᱫᱟᱢ ᱡᱟᱦᱟᱸ ᱠᱷᱩᱡᱽ ᱨᱮ ᱚᱠᱚᱭ ᱵᱟᱝ ᱛᱤᱝᱩ ᱠᱟᱱᱟ ᱾ ᱚᱠᱟ ᱦᱚᱸ ᱦᱩᱭᱩᱜ ᱠᱷᱟᱱ, ᱪᱮᱛᱟᱱ ᱨᱮ ᱚᱠᱚᱭ ᱵᱟᱭ ᱵᱟᱰᱟᱭ ᱫᱟᱲᱮᱭᱟᱜᱼᱟ ᱾		
src/scenarios/gas-confined-space.json	$.nodes[9].onTimeout.consequence.text	No standby person was posted.	ᱚᱠᱛᱚ ᱥᱴᱮᱸᱰᱵᱟᱭ ᱦᱳᱲ ᱵᱟᱭ ᱛᱤᱝᱩ ᱮᱱᱟ ᱾		
src/scenarios/gas-confined-space.json	$.nodes[10].prompt.text	You have checked the permit, cleared and re-tested the air, worn your equipment, and posted the standby person. Everything is ready. Now climb into the sump.	ᱟᱢ ᱯᱟᱨᱢᱤᱴ ᱠᱩᱞᱤ ᱠᱮᱫᱟᱢ, ᱦᱟᱣᱟ ᱯᱷᱟᱨᱪᱟ ᱠᱟᱛᱮ ᱫᱚᱦᱲᱟ ᱠᱩᱞᱤ ᱠᱮᱫᱟᱢ, ᱡᱚᱛᱚᱱ ᱮᱰᱟ ᱠᱮᱫᱟᱢ, ᱟᱨ ᱥᱴᱮᱸᱰᱵᱟᱭ ᱦᱳᱲ ᱛᱤᱝᱩ ᱠᱮᱫᱟᱢ ᱾ ᱡᱚᱛᱚ ᱛᱮᱭᱟᱨ ᱠᱟᱱᱟ ᱾ ᱱᱤᱛᱚᱜ ᱥᱚᱢᱯ ᱨᱮ ᱨᱮᱭᱟᱜ ᱢᱮ ᱾		
src/scenarios/gas-confined-space.json	$.nodes[10].expect[0].label	Enter the sump	ᱥᱚᱢᱯ ᱨᱮ ᱨᱮᱭᱟᱜ ᱢᱮ		
src/scenarios/gas-confined-space.json	$.nodes[10].onTimeout.consequence.text	The window for the permit passed while you waited.	ᱟᱢ ᱛᱟᱸᱦᱮᱸᱱ ᱛᱟᱦᱮᱸ ᱠᱟᱛᱮ, ᱯᱟᱨᱢᱤᱴ ᱚᱠᱛᱚ ᱪᱟᱞᱟᱜ ᱮᱱᱟ ᱾		
src/scenarios/gas-confined-space.json	$.nodes[11].prompt.text	Four minutes after you climb in, the blower stops working. Your detector's alarm changes to a constant, unbroken tone. {{gas}} is rising again.	ᱟᱛ ᱡᱚᱛᱚ ᱛᱟᱭᱚᱢ ᱟᱠᱟᱛ ᱢᱤᱱᱤᱴ ᱨᱮ, ᱵᱞᱚᱣᱟᱨ ᱵᱚᱸᱫ ᱦᱩᱭᱮᱱᱟ ᱾ ᱟᱢᱟᱜ ᱰᱤᱴᱮᱠᱴᱚᱨ ᱨᱮᱭᱟᱜ ᱟᱞᱟᱨᱢ ᱫᱚ ᱡᱟᱹᱥᱛᱤ ᱠᱟᱛᱮ ᱩᱬᱩᱬ ᱢᱮᱸᱟ ᱾ {{gas}} ᱫᱚᱦᱲᱟ ᱵᱟᱲᱛᱤ ᱠᱟᱱᱟ ᱾		
src/scenarios/gas-confined-space.json	$.nodes[12].prompt.text	Get out now. Signal the standby person. Then climb out of the sump immediately — do not stop for anything else.	ᱱᱤᱛᱚᱜ ᱚᱰᱚᱠ ᱢᱮ ᱾ ᱥᱴᱮᱸᱰᱵᱟᱭ ᱦᱳᱲ ᱥᱮᱱᱚᱛ ᱢᱮ ᱾ ᱚᱱᱟ ᱛᱟᱭᱚᱢ ᱱᱤᱛᱚᱜ ᱥᱚᱢᱯ ᱠᱷᱚᱱ ᱚᱰᱚᱠ ᱢᱮ — ᱮᱴᱟᱜ ᱡᱤᱱᱤᱥ ᱞᱟᱹᱜᱤᱫ ᱵᱟᱭ ᱛᱤᱝᱩ ᱢᱮ ᱾		
src/scenarios/gas-confined-space.json	$.nodes[12].expect[0].label	Signal the standby person	ᱥᱴᱮᱸᱰᱵᱟᱭ ᱦᱳᱲ ᱥᱮᱱᱚᱛ ᱢᱮ		
src/scenarios/gas-confined-space.json	$.nodes[12].expect[1].label	Climb out immediately	ᱱᱤᱛᱚᱜ ᱚᱰᱚᱠ ᱢᱮ		
src/scenarios/gas-confined-space.json	$.nodes[12].errors[0].consequence.text	You stayed down there to restart the blower. The blower is not worth the breaths it costs you.	ᱟᱢ ᱵᱞᱚᱣᱟᱨ ᱫᱚᱦᱲᱟ ᱮᱛᱦᱚᱵ ᱞᱟᱹᱜᱤᱫ ᱚᱱᱰᱮ ᱛᱤᱝᱩ ᱠᱮᱫᱟᱢ ᱾ ᱵᱞᱚᱣᱟᱨ ᱫᱚ ᱟᱢᱟᱜ ᱥᱟᱶᱥ ᱴᱟᱲᱟᱝ ᱡᱮᱢᱚᱱ ᱵᱟᱝᱟ ᱾		
src/scenarios/gas-confined-space.json	$.nodes[12].onTimeout.consequence.text	You were still inside when the atmosphere went past survivable. In {{gas}} at this concentration, a person stops being able to climb before they realise they need to.	ᱦᱟᱣᱟ ᱡᱟᱹᱥᱛᱤ ᱵᱤᱯᱚᱫ ᱦᱩᱭ ᱮᱱᱟᱜ ᱚᱠᱛᱚ, ᱟᱢ ᱛᱮᱦᱮᱸᱧ ᱨᱮᱭᱟᱜ ᱛᱟᱦᱮᱸᱸᱠᱟᱱᱟᱢ ᱾ ᱱᱚᱶᱟ ᱟᱸᱰᱤ {{gas}} ᱨᱮ, ᱦᱳᱲ ᱫᱚ ᱵᱩᱡᱷᱟᱹᱣ ᱦᱟᱛᱟᱣ ᱠᱷᱚᱱ ᱞᱟᱦᱟ ᱨᱮ ᱚᱰᱚᱠ ᱞᱟᱹᱜᱤᱫ ᱟᱲᱟᱝ ᱟᱛᱮᱨ ᱠᱟᱱᱟ ᱾		
src/scenarios/gas-confined-space.json	$.nodes[13].prompt.text	You are out. Then you see him — the fitter who went into the adjacent chamber ten minutes ago is face down at the bottom of it, not moving.	ᱟᱢ ᱚᱰᱚᱠ ᱮᱱᱟᱢ ᱾ ᱚᱱᱟ ᱛᱟᱭᱚᱢ ᱟᱢ ᱩᱱᱤ ᱧᱮᱞ ᱠᱮᱫᱟᱢ — ᱡᱟᱦᱟᱸ ᱠᱟᱹᱢᱤᱭᱟᱹ ᱜᱟᱨᱟ ᱫᱟᱦ ᱢᱤᱱᱤᱴ ᱞᱟᱦᱟ ᱥᱮᱴᱮᱨ ᱪᱮᱢᱵᱚᱨ ᱨᱮ ᱟᱛ ᱡᱚᱛᱚ ᱠᱮᱫᱟᱭ, ᱩᱱᱤ ᱫᱚ ᱞᱟᱛᱟᱨ ᱨᱮ ᱴᱷᱟᱶ ᱠᱟᱛᱮ ᱵᱟᱝ ᱦᱳᱨᱳᱢ ᱠᱟᱱᱟᱭ ᱾		
src/scenarios/gas-confined-space.json	$.nodes[14].expect[0].label	Raise the rescue team on the radio	ᱨᱮᱰᱤᱭᱳ ᱨᱮ ᱨᱮᱥᱠᱭᱩ ᱴᱤᱢ ᱛᱟᱦᱮᱸ ᱢᱮ		
src/scenarios/gas-confined-space.json	$.nodes[14].expect[1].label	Pull him out using the retrieval line	ᱟᱹᱰᱤ ᱠᱚᱨᱮᱭᱟᱜ ᱞᱟᱭᱤᱱ ᱛᱮ ᱩᱱᱤ ᱡᱟᱨᱣᱟ ᱢᱮ		
src/scenarios/gas-confined-space.json	$.nodes[14].errors[0].consequence.text	You went in after him. This is how most confined space deaths happen — not one worker, but the two or three who climbed down to help. The same atmosphere that took him takes you, in the same number of breaths.	ᱟᱢ ᱩᱱᱤ ᱞᱟᱦᱟ ᱨᱮ ᱟᱛ ᱡᱚᱛᱚ ᱠᱮᱫᱟᱢ ᱾ ᱚᱱᱟ ᱛᱮ ᱡᱟᱹᱥᱛᱤ ᱨᱩᱡᱩ ᱡᱟᱭᱜᱟ ᱚᱰᱚᱠ ᱠᱚ ᱦᱩᱭᱩᱜᱼᱟ — ᱢᱤᱫ ᱠᱟᱹᱢᱤᱭᱟᱹ ᱵᱟᱝ, ᱢᱮᱱᱠᱷᱟᱱ ᱵᱟᱨ-ᱯᱮ ᱡᱟᱦᱟᱸ ᱜᱚᱲᱚ ᱞᱟᱹᱜᱤᱫ ᱟᱛ ᱡᱚᱛᱚ ᱠᱮᱫᱟ ᱾ ᱡᱟᱦᱟᱸ ᱦᱟᱣᱟ ᱛᱮ ᱩᱱᱤ ᱮᱢ ᱠᱮᱫᱟ, ᱚᱱᱟ ᱦᱟᱣᱟ ᱛᱮ ᱟᱢᱚᱜ ᱦᱚᱸ ᱮᱢᱟᱭ, ᱡᱟᱹᱥᱛᱤ ᱥᱟᱶᱥ ᱨᱮ ᱾		
src/scenarios/gas-confined-space.json	$.nodes[14].errors[1].consequence.text	Shouting at him costs seconds and changes nothing. He cannot hear you.	ᱩᱱᱤ ᱟᱲᱟᱝ ᱠᱟᱛᱮ ᱴᱟᱲᱟᱝ ᱚᱠᱛᱚ ᱟᱹᱰᱤ ᱦᱩᱭ, ᱚᱠᱛᱚ ᱵᱟᱭ ᱵᱚᱫᱚᱞ ᱟᱭ ᱾ ᱩᱱᱤ ᱟᱢ ᱵᱟᱭ ᱟᱭᱩᱢᱮᱭᱟᱭ ᱾		
src/scenarios/gas-confined-space.json	$.nodes[14].onTimeout.consequence.text	You froze at the opening. Nobody was called, and the retrieval line stayed coiled on the tripod.	ᱟᱢ ᱠᱷᱩᱡᱽ ᱨᱮ ᱛᱤᱝᱩ ᱠᱮᱫᱟᱢ ᱾ ᱚᱠᱚᱭ ᱵᱟᱭ ᱛᱟᱦᱮᱸ ᱠᱮᱫᱟᱭ, ᱟᱨ ᱟᱹᱰᱤ ᱠᱚᱨᱮᱭᱟᱜ ᱞᱟᱭᱤᱱ ᱴᱨᱟᱭᱯᱚᱰ ᱨᱮᱭ ᱛᱟᱦᱮᱸᱠᱟᱱᱟ ᱾		
src/scenarios/gas-confined-space.json	$.nodes[15].prompt.text	Both of you are on the surface.	ᱟᱢ ᱵᱟᱨᱦᱚᱸ ᱪᱮᱛᱟᱱ ᱨᱮ ᱢᱮᱱᱟᱢᱟ ᱾		
src/scenarios/gas-confined-space.json	$.nodes[15].summary.text	You tested before entering, purged and re-tested, wore the set, kept a line and a standby person, came out the moment the blower tripped, and recovered your colleague without adding yourself to the casualty list. That last decision is the one this drill exists for.	ᱟᱢ ᱟᱛ ᱡᱚᱛᱚ ᱦᱟᱛᱟᱣ ᱠᱩᱞᱤ ᱠᱮᱫᱟᱢ, ᱦᱟᱣᱟ ᱯᱷᱟᱨᱪᱟ ᱠᱟᱛᱮ ᱫᱚᱦᱲᱟ ᱠᱩᱞᱤ ᱠᱮᱫᱟᱢ, ᱡᱚᱛᱚᱱ ᱮᱰᱟ ᱠᱮᱫᱟᱢ, ᱞᱟᱭᱤᱱ ᱟᱨ ᱥᱴᱮᱸᱰᱵᱟᱭ ᱦᱳᱲ ᱛᱟᱸᱦᱮᱸ ᱠᱮᱫᱟᱢ, ᱵᱞᱚᱣᱟᱨ ᱵᱚᱸᱫ ᱦᱩᱭ ᱚᱠᱛᱚ ᱚᱰᱚᱠ ᱮᱱᱟᱢ, ᱟᱨ ᱟᱢ ᱵᱟᱝ ᱦᱩᱭ ᱠᱟᱛᱮ ᱟᱢᱟᱜ ᱜᱚᱲᱚ ᱡᱟᱨᱣᱟ ᱠᱮᱫᱟᱢ ᱾ ᱚᱱᱟ ᱢᱩᱪᱟᱹᱫ ᱨᱮᱭᱟᱜ ᱵᱤᱪᱟᱨ ᱫᱚ ᱱᱚᱶᱟ ᱟᱹᱣᱟᱛ ᱨᱮᱭᱟᱜ ᱢᱚᱠᱥᱚᱫ ᱠᱟᱱᱟ ᱾		
src/scenarios/gas-confined-space.json	$.nodes[16].prompt.text	The drill has ended.	ᱟᱹᱣᱟᱛ ᱴᱟᱸᱰᱟᱝ ᱮᱱᱟ ᱾		
src/scenarios/gas-confined-space.json	$.nodes[16].summary.text	You entered a confined space without an authorised permit. The permit is not paperwork — it is the record that somebody competent checked this space today, for you.	ᱟᱢ ᱚᱠᱛᱚ ᱴᱷᱤᱠ ᱯᱟᱨᱢᱤᱴ ᱠᱟᱛᱮ ᱨᱩᱡᱩ ᱡᱟᱭᱜᱟ ᱨᱮ ᱟᱛ ᱡᱚᱛᱚ ᱠᱮᱫᱟᱢ ᱾ ᱯᱟᱨᱢᱤᱴ ᱫᱚ ᱠᱟᱜᱚᱡ ᱵᱟᱝᱟ — ᱩᱱᱤ ᱫᱚ ᱨᱮᱠᱚᱰ ᱠᱟᱱᱟ ᱡᱮ ᱢᱤᱫ ᱡᱟᱹᱱᱟᱹ ᱦᱳᱲ ᱛᱮᱦᱮᱸᱧ ᱛᱮᱦᱮᱸᱧᱟᱜ ᱱᱚᱶᱟ ᱡᱟᱭᱜᱟ ᱠᱩᱞᱤ ᱠᱮᱫᱟᱭ, ᱟᱢᱟᱜ ᱞᱟᱹᱜᱤᱫ ᱾		
src/scenarios/gas-confined-space.json	$.nodes[17].prompt.text	The drill has ended.	ᱟᱹᱣᱟᱛ ᱴᱟᱸᱰᱟᱝ ᱮᱱᱟ ᱾		
src/scenarios/gas-confined-space.json	$.nodes[17].summary.text	You climbed in before you had finished looking. Nothing was tested, no permit was checked, and nobody knew where you were. Looking first is not a formality that delays the work — it is how you find out whether this space can be entered at all.	ᱟᱢ ᱦᱮᱨ ᱚᱠᱛᱚ ᱴᱟᱸᱰᱟᱝ ᱵᱟᱭ ᱟᱠᱟᱱ ᱡᱟᱭᱜᱟ ᱨᱮ ᱨᱮᱭᱟᱜ ᱠᱮᱫᱟᱢ ᱾ ᱚᱠᱛᱚ ᱵᱟᱭ ᱠᱩᱞᱤ ᱠᱟᱱᱟ, ᱚᱠᱛᱚ ᱯᱟᱨᱢᱤᱴ ᱵᱟᱭ ᱠᱩᱞᱤ ᱠᱟᱱᱟ, ᱟᱨ ᱚᱠᱚᱭ ᱵᱟᱭ ᱵᱟᱰᱟᱭ ᱮᱱᱟ ᱡᱟᱦᱟᱸ ᱨᱮ ᱟᱢ ᱛᱟᱦᱮᱸᱸᱠᱟᱱᱟᱢ ᱾ ᱯᱩᱭᱞᱩ ᱦᱮᱨ ᱫᱚ ᱠᱟᱹᱢᱤ ᱰᱷᱤᱞᱟ ᱠᱟᱴᱮ ᱪᱚᱛ ᱵᱟᱝᱟ — ᱩᱱᱤ ᱛᱮ ᱟᱢ ᱵᱟᱰᱟᱭ ᱫᱟᱲᱮᱭᱟᱜᱼᱟᱢ ᱡᱮ ᱱᱚᱶᱟ ᱡᱟᱭᱜᱟ ᱨᱮ ᱟᱛ ᱡᱚᱛᱚ ᱫᱟᱲᱮᱭᱟᱜᱼᱟ ᱠᱤ ᱵᱟᱝᱟ ᱾		
src/scenarios/gas-confined-space.json	$.nodes[18].prompt.text	The drill has ended.	ᱟᱹᱣᱟᱛ ᱴᱟᱸᱰᱟᱝ ᱮᱱᱟ ᱾		
src/scenarios/gas-confined-space.json	$.nodes[18].summary.text	You entered an atmosphere holding {{gas}} at {{o2}} percent oxygen. Oxygen deficiency gives no warning: no smell, no cough, no dizziness you can act on. You would have had time to notice nothing at all.	ᱟᱢ {{gas}} ᱟᱨ {{o2}} ᱯᱚᱨᱥᱮᱸᱴ ᱳᱠᱥᱤᱡᱮᱱ ᱢᱮᱱᱟᱜ ᱦᱟᱣᱟ ᱨᱮ ᱟᱛ ᱡᱚᱛᱚ ᱠᱮᱫᱟᱢ ᱾ ᱳᱠᱥᱤᱡᱮᱱ ᱠᱚᱢ ᱫᱚ ᱚᱠᱛᱚ ᱦᱩᱥᱤᱭᱟᱨ ᱵᱟᱭ ᱮᱢᱟᱭ: ᱚᱠᱛᱚ ᱥᱩᱝᱜᱩᱫ ᱵᱟᱝ, ᱚᱠᱛᱚ ᱠᱷᱟᱥᱤ ᱵᱟᱝ, ᱚᱠᱛᱚ ᱪᱠᱚᱨ ᱵᱟᱝᱟ ᱡᱟᱦᱟᱸ ᱨᱮ ᱟᱢ ᱡᱚᱛᱚ ᱫᱟᱲᱮᱭᱟᱜᱼᱟᱢ ᱾ ᱟᱢ ᱚᱠᱛᱚ ᱦᱚᱸ ᱵᱟᱭ ᱵᱟᱰᱟᱭ ᱫᱟᱲᱮᱭᱟᱜᱼᱟᱢ ᱾		
src/scenarios/gas-confined-space.json	$.nodes[19].prompt.text	The drill has ended.	ᱟᱹᱣᱟᱛ ᱴᱟᱸᱰᱟᱝ ᱮᱱᱟ ᱾		
src/scenarios/gas-confined-space.json	$.nodes[19].summary.text	When a gas alarm sounds inside a confined space, the only correct action is to leave. Not to fix the fan, not to finish the task, not to check the reading again. Leave, then decide.	ᱡᱟᱦᱟᱸ ᱨᱩᱡᱩ ᱡᱟᱭᱜᱟ ᱨᱮ ᱜᱮᱥ ᱟᱞᱟᱨᱢ ᱩᱬᱩᱬ ᱦᱩᱭ, ᱚᱱᱟ ᱚᱠᱛᱚ ᱴᱷᱤᱠ ᱠᱟᱹᱢᱤ ᱫᱚ ᱚᱰᱚᱠ ᱮᱱᱟ ᱾ ᱯᱷᱮᱱ ᱛᱷᱤᱠ ᱵᱟᱭ, ᱠᱟᱹᱢᱤ ᱴᱟᱸᱰᱟᱝ ᱵᱟᱭ, ᱨᱤᱰᱤᱝ ᱫᱚᱦᱲᱟ ᱠᱩᱞᱤ ᱵᱟᱭ ᱾ ᱚᱰᱚᱠ ᱢᱮ, ᱚᱱᱟ ᱛᱟᱭᱚᱢ ᱵᱤᱪᱟᱨ ᱢᱮ ᱾		
src/scenarios/gas-confined-space.json	$.nodes[20].prompt.text	The drill has ended.	ᱟᱹᱣᱟᱛ ᱴᱟᱸᱰᱟᱝ ᱮᱱᱟ ᱾		
src/scenarios/gas-confined-space.json	$.nodes[20].summary.text	You went in to save him and the sump took you both. Rescue from a confined space is done from outside, on a line, by people wearing air — or by a team trained and equipped to enter. The instinct to climb down is the single most lethal reflex in this domain, and it is the one this drill is built to retrain.	ᱟᱢ ᱩᱱᱤ ᱵᱟᱸᱪᱟᱣ ᱞᱟᱹᱜᱤᱫ ᱟᱛ ᱡᱚᱛᱚ ᱠᱮᱫᱟᱢ ᱟᱨ ᱥᱚᱢᱯ ᱫᱚ ᱟᱢᱚᱜ ᱵᱟᱨᱦᱚᱸ ᱡᱟᱨᱣᱟ ᱠᱮᱫᱟ ᱾ ᱨᱩᱡᱩ ᱡᱟᱭᱜᱟ ᱠᱷᱚᱱ ᱨᱮᱥᱠᱭᱩ ᱫᱚ ᱵᱟᱦᱨᱮ ᱠᱷᱚᱱ, ᱞᱟᱭᱤᱱ ᱨᱮ, ᱦᱟᱣᱟ ᱡᱚᱛᱚᱱ ᱮᱰᱟ ᱦᱳᱲ ᱛᱮ ᱦᱩᱭ ᱡᱟᱱᱟᱢᱮ — ᱟᱨᱵᱟᱝ ᱴᱨᱮᱱᱰ ᱴᱤᱢ ᱛᱮ ᱡᱟᱦᱟᱸ ᱟᱛ ᱡᱚᱛᱚ ᱞᱟᱹᱜᱤᱫ ᱛᱮᱭᱟᱨ ᱠᱟᱱᱟ ᱾ ᱞᱟᱦᱟ ᱨᱮ ᱟᱛ ᱡᱚᱛᱚ ᱞᱟᱹᱜᱤᱫ ᱢᱚᱱ ᱫᱚ ᱱᱚᱶᱟ ᱡᱟᱭᱜᱟ ᱨᱮᱭᱟᱜ ᱡᱟᱹᱥᱛᱤ ᱵᱤᱯᱚᱫ ᱢᱚᱱ ᱠᱟᱱᱟ, ᱟᱨ ᱱᱚᱶᱟ ᱟᱹᱣᱟᱛ ᱫᱚ ᱩᱱᱟ ᱵᱚᱫᱚᱞ ᱞᱟᱹᱜᱤᱫ ᱠᱟᱱᱟ ᱾		
src/scenarios/fire-explosion.json	$.title	Fire & Explosion Response	ᱥᱮᱴᱟᱜ ᱟᱨ ᱵᱚᱢ ᱡᱩᱭᱟᱹᱵ		
src/scenarios/fire-explosion.json	$.description	Electrical panel fire at the pit-top. Select the correct extinguisher, apply PASS, don SCSR and evacuate without re-entering for a collapsed colleague.	ᱯᱤᱴ-ᱴᱚᱯ ᱨᱮ ᱵᱤᱡᱩᱞᱤ ᱯᱮᱱᱮᱞ ᱥᱮᱴᱟᱜ ᱦᱩᱭᱮᱱᱟ ᱾ ᱴᱷᱤᱠ ᱮᱠᱥᱴᱤᱝᱜᱩᱭᱥᱚᱨ ᱵᱟᱪᱷᱟᱣ ᱢᱮ, PASS ᱵᱮᱵᱷᱟᱨ ᱢᱮ, SCSR ᱮᱰᱟ ᱢᱮ ᱟᱨ ᱵᱮᱦᱳᱥ ᱜᱚᱲᱚ ᱞᱟᱹᱜᱤᱫ ᱫᱚᱦᱲᱟ ᱵᱟᱭ ᱟᱛ ᱡᱚᱛᱚ ᱠᱟᱛᱮ ᱚᱰᱚᱠ ᱢᱮ ᱾		
src/scenarios/fire-explosion.json	$.props[0].label	Electrical panel	ᱵᱤᱡᱩᱞᱤ ᱯᱮᱱᱮᱞ		
src/scenarios/fire-explosion.json	$.props[1].label	Panel fire	ᱯᱮᱱᱮᱞ ᱥᱮᱴᱟᱜ		
src/scenarios/fire-explosion.json	$.props[2].label	DCP extinguisher (blue band)	DCP ᱮᱠᱥᱴᱤᱝᱜᱩᱭᱥᱚᱨ (ᱟᱨᱟᱜ ᱵᱮᱸᱰ)		
src/scenarios/fire-explosion.json	$.props[3].label	Water extinguisher (red)	ᱫᱟᱜ ᱮᱠᱥᱴᱤᱝᱜᱩᱭᱥᱚᱨ (ᱟᱨᱟ)		
src/scenarios/fire-explosion.json	$.props[4].label	CO₂ extinguisher (black, horn)	CO₂ ᱮᱠᱥᱴᱤᱝᱜᱩᱭᱥᱚᱨ (ᱦᱳᱭᱳᱸ, ᱥᱤᱝᱜᱟ)		
src/scenarios/fire-explosion.json	$.props[5].label	Self-Contained Self-Rescuer	SCSR		
src/scenarios/fire-explosion.json	$.props[6].label	Exit arrow	ᱚᱰᱚᱠ ᱥᱮᱨ		
src/scenarios/fire-explosion.json	$.props[7].label	Fresh-air exit	ᱱᱟᱶᱟ ᱦᱟᱣᱟ ᱚᱰᱚᱠ ᱡᱟᱭᱜᱟ		
src/scenarios/fire-explosion.json	$.props[8].label	Collapsed worker	ᱵᱮᱦᱳᱥ ᱠᱟᱹᱢᱤᱭᱟᱹ		
src/scenarios/fire-explosion.json	$.nodes[0].prompt.text	A fire has started on the electrical panel. First, put it out safely using the right extinguisher. Then get yourself to the exit.	ᱵᱤᱡᱩᱞᱤ ᱯᱮᱱᱮᱞ ᱨᱮ ᱥᱮᱴᱟᱜ ᱮᱛᱦᱚᱵ ᱮᱱᱟ ᱾ ᱯᱩᱭᱞᱩ, ᱴᱷᱤᱠ ᱮᱠᱥᱴᱤᱝᱜᱩᱭᱥᱚᱨ ᱛᱮ ᱨᱚᱠᱷᱟ ᱠᱟᱛᱮ ᱵᱚᱸᱫ ᱢᱮ ᱾ ᱚᱱᱟ ᱛᱟᱭᱚᱢ ᱚᱰᱚᱠ ᱡᱟᱭᱜᱟ ᱛᱮ ᱥᱮᱴᱮᱨ ᱢᱮ ᱾		
src/scenarios/fire-explosion.json	$.nodes[1].prompt.text	Take a moment to get ready. When you are ready to begin, continue.	ᱴᱮᱭᱟᱨ ᱦᱩᱭ ᱞᱟᱹᱜᱤᱫ ᱢᱤᱫ ᱴᱟᱲᱟᱝ ᱡᱚᱛᱚ ᱢᱮ ᱾ ᱚᱠᱛᱚ ᱛᱮᱭᱟᱨ ᱠᱟᱱᱟᱢ, ᱟᱭᱳ ᱪᱟᱞᱟᱜ ᱢᱮ ᱾		
src/scenarios/fire-explosion.json	$.nodes[2].prompt.text	Look around you. Point to, or tap on, the hazard you see.	ᱟᱢᱟᱜ ᱪᱟᱨᱤᱭᱟᱜ ᱦᱮᱨ ᱢᱮ ᱾ ᱡᱟᱦᱟᱸ ᱵᱤᱯᱚᱫ ᱧᱮᱞᱟᱢ, ᱚᱱᱟ ᱰᱚᱸᱠᱟ ᱢᱮ ᱟᱨᱵᱟᱝ ᱴᱮᱯ ᱢᱮ ᱾		
src/scenarios/fire-explosion.json	$.nodes[2].onTimeout.consequence.text	You did not spot the fire in time. Every second matters.	ᱟᱢ ᱚᱠᱛᱚ ᱨᱮ ᱥᱮᱴᱟᱜ ᱵᱟᱭ ᱧᱮᱞᱟᱢ ᱾ ᱡᱚᱛᱚ ᱴᱟᱲᱟᱝ ᱡᱟᱹᱥᱛᱤ ᱟᱹᱰᱤ ᱠᱟᱱᱟ ᱾		
src/scenarios/fire-explosion.json	$.nodes[3].prompt.text	This is an electrical fire — never use water on it. Find the powder (DCP) extinguisher, the one with a blue band. Tap on it and choose "Look at" to pick it.	ᱱᱚᱶᱟ ᱫᱚ ᱵᱤᱡᱩᱞᱤ ᱥᱮᱴᱟᱜ ᱠᱟᱱᱟ — ᱛᱮᱦᱮᱸᱧ ᱫᱟᱜ ᱵᱟᱭ ᱵᱮᱵᱷᱟᱨ ᱢᱮ ᱾ ᱯᱟᱺᱰᱚᱨ (DCP) ᱮᱠᱥᱴᱤᱝᱜᱩᱭᱥᱚᱨ ᱫᱟᱲᱮᱭᱟᱜ ᱢᱮ, ᱡᱟᱦᱟᱸ ᱨᱮ ᱟᱨᱟᱜ ᱵᱮᱸᱰ ᱢᱮᱱᱟᱜᱼᱟ ᱾ ᱚᱱᱟ ᱴᱮᱯ ᱢᱮ ᱟᱨ ᱵᱟᱪᱷᱟᱣ ᱞᱟᱹᱜᱤᱫ "ᱦᱮᱨᱢᱮ" ᱵᱟᱪᱷᱟᱣ ᱢᱮ ᱾		
src/scenarios/fire-explosion.json	$.nodes[3].expect[0].label	Select DCP extinguisher	DCP ᱮᱠᱥᱴᱤᱝᱜᱩᱭᱥᱚᱨ ᱵᱟᱪᱷᱟᱣ ᱢᱮ		
src/scenarios/fire-explosion.json	$.nodes[3].errors[0].consequence.text	Water on a live electrical fire can shock you and spread it.	ᱡᱤᱭᱩᱸ ᱵᱤᱡᱩᱞᱤ ᱥᱮᱴᱟᱜ ᱨᱮ ᱫᱟᱜ ᱫᱚ ᱟᱢ ᱠᱚᱸ ᱥᱚᱠ ᱮᱢᱟᱭ ᱟᱨ ᱥᱮᱴᱟᱜ ᱮᱴᱟᱜ ᱦᱩᱭ ᱮᱢᱟᱭ ᱾		
src/scenarios/fire-explosion.json	$.nodes[3].errors[1].consequence.text	CO₂ can also be used on an electrical fire, but for this drill, use the powder (DCP) extinguisher instead.	CO₂ ᱦᱚᱸ ᱵᱤᱡᱩᱞᱤ ᱥᱮᱴᱟᱜ ᱨᱮ ᱵᱮᱵᱷᱟᱨ ᱫᱟᱲᱮᱭᱟᱜᱼᱟ, ᱢᱮᱱᱠᱷᱟᱱ ᱱᱚᱶᱟ ᱟᱹᱣᱟᱛ ᱞᱟᱹᱜᱤᱫ, ᱯᱟᱺᱰᱚᱨ (DCP) ᱮᱠᱥᱴᱤᱝᱜᱩᱭᱥᱚᱨ ᱵᱮᱵᱷᱟᱨ ᱢᱮ ᱾		
src/scenarios/fire-explosion.json	$.nodes[3].onTimeout.consequence.text	No extinguisher was selected in time.	ᱚᱠᱛᱚ ᱨᱮ ᱚᱠᱛᱚ ᱮᱠᱥᱴᱤᱝᱜᱩᱭᱥᱚᱨ ᱵᱟᱭ ᱵᱟᱪᱷᱟᱣ ᱮᱱᱟ ᱾		
src/scenarios/fire-explosion.json	$.nodes[4].prompt.text	That was wrong — water is dangerous on an electrical fire. Now find the powder (DCP) extinguisher, tap on it, and choose "Look at" to pick it.	ᱚᱱᱟ ᱫᱚ ᱵᱟᱭ ᱴᱷᱤᱠ — ᱵᱤᱡᱩᱞᱤ ᱥᱮᱴᱟᱜ ᱨᱮ ᱫᱟᱜ ᱫᱚ ᱵᱤᱯᱚᱫ ᱠᱟᱱᱟ ᱾ ᱱᱤᱛᱚᱜ ᱯᱟᱺᱰᱚᱨ (DCP) ᱮᱠᱥᱴᱤᱝᱜᱩᱭᱥᱚᱨ ᱫᱟᱲᱮᱭᱟᱜ ᱢᱮ, ᱴᱮᱯ ᱢᱮ, ᱟᱨ "ᱦᱮᱨᱢᱮ" ᱵᱟᱪᱷᱟᱣ ᱢᱮ ᱾		
src/scenarios/fire-explosion.json	$.nodes[4].expect[0].label	Select DCP extinguisher	DCP ᱮᱠᱥᱴᱤᱝᱜᱩᱭᱥᱚᱨ ᱵᱟᱪᱷᱟᱣ ᱢᱮ		
src/scenarios/fire-explosion.json	$.nodes[4].onTimeout.consequence.text	You did not recover to the correct extinguisher.	ᱟᱢ ᱴᱷᱤᱠ ᱮᱠᱥᱴᱤᱝᱜᱩᱭᱥᱚᱨ ᱛᱟᱭᱚᱢ ᱫᱚᱦᱲᱟ ᱵᱟᱭ ᱟᱲᱟᱜᱼᱟᱢ ᱾		
src/scenarios/fire-explosion.json	$.nodes[5].prompt.text	Now use the extinguisher. Follow these four steps, one at a time: tap the extinguisher and choose "Open" to pull the pin. Tap the fire and choose "Look at" to aim at its base. Tap the extinguisher and choose "Use" to squeeze the handle. Tap the fire and choose "Use" to sweep side to side.	ᱱᱤᱛᱚᱜ ᱮᱠᱥᱴᱤᱝᱜᱩᱭᱥᱚᱨ ᱵᱮᱵᱷᱟᱨ ᱢᱮ ᱾ ᱱᱚᱶᱟ ᱟᱠᱟᱛ ᱠᱚᱨᱟᱣ ᱢᱤᱫ-ᱢᱤᱫ ᱠᱟᱛᱮ ᱪᱟᱞᱟᱜ ᱢᱮ: ᱮᱠᱥᱴᱤᱝᱜᱩᱭᱥᱚᱨ ᱴᱮᱯ ᱢᱮ ᱟᱨ ᱯᱤᱱ ᱡᱟᱨᱣᱟ ᱞᱟᱹᱜᱤᱫ "ᱜᱤᱫᱨᱟᱹᱭ ᱢᱮ" ᱵᱟᱪᱷᱟᱣ ᱢᱮ ᱾ ᱥᱮᱴᱟᱜ ᱴᱮᱯ ᱢᱮ ᱟᱨ ᱴᱷᱮᱱ ᱰᱚᱸᱠᱟ ᱞᱟᱹᱜᱤᱫ "ᱦᱮᱨᱢᱮ" ᱵᱟᱪᱷᱟᱣ ᱢᱮ ᱾ ᱮᱠᱥᱴᱤᱝᱜᱩᱭᱥᱚᱨ ᱴᱮᱯ ᱢᱮ ᱟᱨ ᱦᱮᱸᱰᱮᱞ ᱫᱟᱵ ᱞᱟᱹᱜᱤᱫ "ᱵᱮᱵᱷᱟᱨ ᱢᱮ" ᱵᱟᱪᱷᱟᱣ ᱢᱮ ᱾ ᱥᱮᱴᱟᱜ ᱴᱮᱯ ᱢᱮ ᱟᱨ ᱡᱤᱫ-ᱡᱤᱫ ᱦᱳᱨᱳᱢ ᱞᱟᱹᱜᱤᱫ "ᱵᱮᱵᱷᱟᱨ ᱢᱮ" ᱵᱟᱪᱷᱟᱣ ᱢᱮ ᱾		
src/scenarios/fire-explosion.json	$.nodes[5].expect[0].label	Pull pin	ᱯᱤᱱ ᱡᱟᱨᱣᱟ ᱢᱮ		
src/scenarios/fire-explosion.json	$.nodes[5].expect[1].label	Aim at base	ᱴᱷᱮᱱ ᱨᱮ ᱰᱚᱸᱠᱟ ᱢᱮ		
src/scenarios/fire-explosion.json	$.nodes[5].expect[2].label	Squeeze handle	ᱦᱮᱸᱰᱮᱞ ᱫᱟᱵ ᱢᱮ		
src/scenarios/fire-explosion.json	$.nodes[5].expect[3].label	Sweep side to side	ᱡᱤᱫ-ᱡᱤᱫ ᱦᱳᱨᱳᱢ ᱢᱮ		
src/scenarios/fire-explosion.json	$.nodes[5].onTimeout.consequence.text	PASS was not completed in time.	PASS ᱚᱠᱛᱚ ᱨᱮ ᱵᱟᱭ ᱴᱟᱸᱰᱟᱝ ᱮᱱᱟ ᱾		
src/scenarios/fire-explosion.json	$.nodes[6].prompt.text	Before you leave, put on your self-rescuer. Tap on the SCSR and choose "Put on" to wear it.	ᱚᱰᱚᱠ ᱟᱠ ᱛᱟᱭᱚᱢ, ᱟᱢᱟᱜ SCSR ᱮᱰᱟ ᱢᱮ ᱾ SCSR ᱴᱮᱯ ᱢᱮ ᱟᱨ ᱮᱰᱟ ᱞᱟᱹᱜᱤᱫ "ᱮᱰᱟ ᱢᱮ" ᱵᱟᱪᱷᱟᱣ ᱢᱮ ᱾		
src/scenarios/fire-explosion.json	$.nodes[6].expect[0].label	Wear SCSR	SCSR ᱮᱰᱟ ᱢᱮ		
src/scenarios/fire-explosion.json	$.nodes[6].errors[0].consequence.text	You tried to evacuate without the self-rescuer.	ᱟᱢ SCSR ᱵᱟᱭ ᱮᱰᱟ ᱠᱟᱛᱮ ᱚᱰᱚᱠ ᱞᱟᱹᱜᱤᱫ ᱪᱮᱥᱴᱟ ᱠᱮᱫᱟᱢ ᱾		
src/scenarios/fire-explosion.json	$.nodes[6].onTimeout.consequence.text	SCSR was not worn.	SCSR ᱵᱟᱭ ᱮᱰᱟ ᱮᱱᱟ ᱾		
src/scenarios/fire-explosion.json	$.nodes[7].prompt.text	Follow the arrows to fresh air now. Do not stop for anything on the way — not even your collapsed colleague. Tap on the exit and choose "Climb in" to go through it and reach safety.	ᱱᱤᱛᱚᱜ ᱥᱮᱨ ᱠᱚᱨᱟᱣ ᱠᱟᱛᱮ ᱱᱟᱶᱟ ᱦᱟᱣᱟ ᱛᱮ ᱥᱮᱴᱮᱨ ᱢᱮ ᱾ ᱦᱚᱨᱟ ᱨᱮ ᱚᱠᱟ ᱞᱟᱹᱜᱤᱫ ᱦᱚᱸ ᱵᱟᱭ ᱛᱤᱝᱩ ᱢᱮ — ᱟᱢᱟᱜ ᱵᱮᱦᱳᱥ ᱜᱚᱲᱚ ᱞᱟᱹᱜᱤᱫ ᱦᱚᱸ ᱵᱟᱭᱟ ᱾ ᱚᱰᱚᱠ ᱡᱟᱭᱜᱟ ᱴᱮᱯ ᱢᱮ ᱟᱨ ᱨᱚᱠᱷᱟ ᱥᱮᱴᱮᱨ ᱞᱟᱹᱜᱤᱫ "ᱨᱮᱭᱟᱜ ᱢᱮ" ᱵᱟᱪᱷᱟᱣ ᱢᱮ ᱾		
src/scenarios/fire-explosion.json	$.nodes[7].expect[0].label	Reach fresh-air exit	ᱱᱟᱶᱟ ᱦᱟᱣᱟ ᱚᱰᱚᱠ ᱡᱟᱭᱜᱟ ᱥᱮᱴᱮᱨ ᱢᱮ		
src/scenarios/fire-explosion.json	$.nodes[7].errors[0].consequence.text	You went to the collapsed colleague before reaching safe air. This is how second-victim deaths happen.	ᱟᱢ ᱨᱚᱠᱷᱟ ᱦᱟᱣᱟ ᱥᱮᱴᱮᱨ ᱟᱠ ᱛᱟᱭᱚᱢ ᱵᱮᱦᱳᱥ ᱜᱚᱲᱚ ᱴᱷᱮᱱ ᱪᱟᱞᱟᱜ ᱠᱮᱫᱟᱢ ᱾ ᱚᱱᱟ ᱛᱮ ᱵᱟᱨᱦᱚᱸ ᱴᱚᱸᱜᱚ ᱜᱚᱲᱚ ᱮᱴᱟᱜ ᱠᱚ ᱦᱩᱭᱩᱜᱼᱟ ᱾		
src/scenarios/fire-explosion.json	$.nodes[7].onTimeout.consequence.text	You did not reach fresh air in time.	ᱟᱢ ᱚᱠᱛᱚ ᱨᱮ ᱱᱟᱶᱟ ᱦᱟᱣᱟ ᱵᱟᱭ ᱥᱮᱴᱮᱨᱟᱢ ᱾		
src/scenarios/fire-explosion.json	$.nodes[8].prompt.text	You are at fresh air.	ᱟᱢ ᱱᱟᱶᱟ ᱦᱟᱣᱟ ᱨᱮ ᱢᱮᱱᱟᱢᱟ ᱾		
src/scenarios/fire-explosion.json	$.nodes[8].summary.text	You recognised the fire, chose DCP for electrical fire, applied PASS, wore SCSR and evacuated without re-entering for the casualty. That restraint is what this drill measures.	ᱟᱢ ᱥᱮᱴᱟᱜ ᱵᱟᱰᱟᱭ ᱠᱮᱫᱟᱢ, ᱵᱤᱡᱩᱞᱤ ᱥᱮᱴᱟᱜ ᱞᱟᱹᱜᱤᱫ DCP ᱵᱟᱪᱷᱟᱣ ᱠᱮᱫᱟᱢ, PASS ᱵᱮᱵᱷᱟᱨ ᱠᱮᱫᱟᱢ, SCSR ᱮᱰᱟ ᱠᱮᱫᱟᱢ ᱟᱨ ᱜᱚᱲᱚ ᱞᱟᱹᱜᱤᱫ ᱫᱚᱦᱲᱟ ᱵᱟᱭ ᱟᱛ ᱡᱚᱛᱚ ᱠᱟᱛᱮ ᱚᱰᱚᱠ ᱮᱱᱟᱢ ᱾ ᱚᱱᱟ ᱚᱰᱚᱠ ᱠᱟᱴᱮ ᱛᱟᱦᱮᱸᱱ ᱫᱚ ᱱᱚᱶᱟ ᱟᱹᱣᱟᱛ ᱠᱟᱴᱮ ᱢᱚᱠᱥᱚᱫ ᱠᱟᱱᱟ ᱾		
src/scenarios/fire-explosion.json	$.nodes[9].prompt.text	The drill has ended.	ᱟᱹᱣᱟᱛ ᱴᱟᱸᱰᱟᱝ ᱮᱱᱟ ᱾		
src/scenarios/fire-explosion.json	$.nodes[9].summary.text	You went in to save the collapsed worker before reaching safe air. In a real fire, the same smoke and heat that took him takes you.	ᱟᱢ ᱨᱚᱠᱷᱟ ᱦᱟᱣᱟ ᱥᱮᱴᱮᱨ ᱟᱠ ᱛᱟᱭᱚᱢ ᱵᱮᱦᱳᱥ ᱠᱟᱹᱢᱤᱭᱟᱹ ᱵᱟᱸᱪᱟᱣ ᱞᱟᱹᱜᱤᱫ ᱟᱛ ᱡᱚᱛᱚ ᱠᱮᱫᱟᱢ ᱾ ᱴᱷᱤᱠ ᱥᱮᱴᱟᱜ ᱨᱮ, ᱡᱟᱦᱟᱸ ᱫᱷᱩᱸᱣᱟᱹ ᱟᱨ ᱟᱩᱥ ᱛᱮ ᱩᱱᱤ ᱡᱟᱨᱣᱟ ᱠᱮᱫᱟ, ᱚᱱᱟ ᱛᱮ ᱟᱢ ᱦᱚᱸ ᱡᱟᱨᱣᱟᱭ ᱢᱮᱭᱟᱭ ᱾		
src/scenarios/fire-explosion.json	$.nodes[10].prompt.text	The drill has ended.	ᱟᱹᱣᱟᱛ ᱴᱟᱸᱰᱟᱝ ᱮᱱᱟ ᱾		
src/scenarios/fire-explosion.json	$.nodes[10].summary.text	When the alarm sounds, the only correct action is to leave. Not to fix equipment, not to finish a task.	ᱚᱠᱛᱚ ᱟᱞᱟᱨᱢ ᱩᱬᱩᱬ ᱦᱩᱭ, ᱚᱱᱟ ᱚᱠᱛᱚ ᱴᱷᱤᱠ ᱠᱟᱹᱢᱤ ᱫᱚ ᱚᱰᱚᱠ ᱮᱱᱟ ᱾ ᱡᱚᱛᱚᱱ ᱴᱷᱤᱠ ᱵᱟᱭ, ᱠᱟᱹᱢᱤ ᱴᱟᱸᱰᱟᱝ ᱵᱟᱭ ᱾		
src/app/ui/i18n.ts	UI.timeLeft	Time left	ᱴᱟᱲᱟᱝ ᱟᱨᱦᱚᱸ ᱢᱮᱱᱟᱜ		
src/app/ui/i18n.ts	UI.result_pass	Passed	ᱯᱟᱥ ᱮᱱᱟ		
src/app/ui/i18n.ts	UI.result_fail	Not passed	ᱯᱟᱥ ᱵᱟᱭ ᱦᱩᱭᱮᱱᱟ		
src/app/ui/i18n.ts	UI.result_fatal	Fatal outcome	ᱜᱚᱲᱚ ᱨᱮᱭᱟᱜ ᱯᱷᱚᱲᱟᱣ		
src/app/ui/i18n.ts	UI.competency	Competency	ᱫᱟᱲᱮᱭᱟᱜ ᱡᱟᱹᱱᱟᱹ		
src/app/ui/i18n.ts	UI.credential	Certificate	ᱥᱟᱠᱷᱭᱟᱛ		
src/app/ui/i18n.ts	UI.scanToVerify	Scan to verify — works offline	ᱴᱷᱤᱠ ᱵᱟᱰᱟᱭ ᱞᱟᱹᱜᱤᱫ ᱥᱠᱮᱱ ᱢᱮ — ᱚᱯᱷᱞᱟᱭᱤᱱ ᱨᱮᱦᱚᱸ ᱪᱟᱞᱟᱜᱼᱟ		
src/app/ui/i18n.ts	UI.whatWentWrong	What went wrong	ᱚᱠᱟ ᱵᱟᱭ ᱴᱷᱤᱠ ᱦᱩᱭᱮᱱᱟ		
src/app/ui/i18n.ts	UI.theme	Light or dark	ᱟᱨᱟᱜ ᱟᱨᱵᱟᱝ ᱧᱩᱛ		
src/app/ui/i18n.ts	UI.welcome	Nothing here is real. Take your time, try things, and find out what goes wrong — that is what this is for.	ᱱᱚᱰᱮ ᱚᱠᱟ ᱦᱚᱸ ᱥᱟᱨᱤ ᱵᱟᱝᱟ ᱾ ᱴᱟᱲᱟᱝ ᱮᱢ ᱢᱮ, ᱪᱮᱥᱴᱟ ᱢᱮ, ᱟᱨ ᱵᱟᱰᱟᱭ ᱢᱮ ᱚᱠᱟ ᱵᱟᱭ ᱴᱷᱤᱠ ᱦᱩᱭ — ᱚᱱᱟ ᱛᱮᱭ ᱱᱚᱶᱟ ᱟᱹᱣᱟᱛ ᱠᱟᱱᱟ ᱾		
src/app/ui/i18n.ts	UI.outOfOrder	Right action, wrong moment — something else has to happen first.	ᱴᱷᱤᱠ ᱠᱟᱹᱢᱤ, ᱢᱮᱱᱠᱷᱟᱱ ᱵᱟᱭ ᱴᱷᱤᱠ ᱚᱠᱛᱚ — ᱮᱴᱟᱜ ᱡᱤᱱᱤᱥ ᱯᱩᱭᱞᱩ ᱦᱩᱭ ᱫᱟᱲᱮᱭᱟᱜᱼᱟ ᱾		
src/app/ui/i18n.ts	UI.chooseModule	Choose a training module	ᱛᱨᱮᱱᱤᱝ ᱢᱳᱰᱭᱩᱞ ᱵᱟᱪᱷᱟᱣ ᱢᱮ		
src/app/ui/i18n.ts	UI.changeModule	Change module	ᱢᱳᱰᱭᱩᱞ ᱵᱚᱫᱚᱞ ᱢᱮ		
C:\Projects\hackathons\isih\src\scenarios\machinery-conveyor-loto.json	$.title	Machinery: Conveyor Lock-out	ᱢᱮᱥᱤᱱ: ᱠᱚᱱᱣᱮᱭᱚᱨ ᱞᱚᱠ-ᱟᱣᱴ		
C:\Projects\hackathons\isih\src\scenarios\machinery-conveyor-loto.json	$.description	A jammed belt conveyor at the coal handling plant. Spot the hazards, keep hands off a live belt, and when your helper is caught, stop the machine before you touch him. Isolate the right belt, lock, tag and test it, then hand it back.	ᱠᱚᱭᱞᱟ ᱦᱟᱱᱰᱞᱤᱝ ᱯᱞᱟᱱᱴ ᱨᱮ ᱢᱤᱫ ᱡᱟᱢ ᱮᱱ ᱵᱮᱞᱴ ᱠᱚᱱᱣᱮᱭᱚᱨ। ᱡᱚᱠᱷᱚᱢ ᱠᱚ ᱧᱮᱞ ᱢᱮ, ᱪᱟᱞᱟᱣ ᱵᱮᱞᱴ ᱨᱮ ᱛᱤ ᱟᱞᱚᱢ ᱫᱚᱦᱚᱭᱟ, ᱟᱨ ᱟᱢᱟᱜ ᱦᱮᱞᱯᱚᱨ ᱡᱟᱦᱟᱸ ᱚᱠᱛᱚ ᱥᱟᱵ ᱜᱚᱫᱚᱜ-ᱟ, ᱩᱱᱤᱭᱟᱜ ᱦᱚᱛᱮ ᱡᱚᱢᱟᱜ ᱞᱟᱦᱟ ᱢᱮᱥᱤᱱ ᱛᱮᱸᱜᱚ ᱢᱮ। ᱴᱷᱤᱠ ᱵᱮᱞᱴ ᱟᱭᱥᱚᱞᱮᱴ ᱢᱮ, ᱛᱟᱞᱟ ᱟᱨ ᱴᱮᱜ ᱞᱟᱹᱜᱟᱣ ᱢᱮ, ᱡᱟᱸᱪ ᱢᱮ, ᱟᱨ ᱮᱱᱴᱮ ᱫᱚᱦᱲᱟ ᱚᱛᱮᱭ ᱢᱮ।		
C:\Projects\hackathons\isih\src\scenarios\machinery-conveyor-loto.json	$.props[0].label	Belt conveyor, tail end	ᱵᱮᱞᱴ ᱠᱚᱱᱣᱮᱭᱚᱨ, ᱴᱮᱞ ᱥᱮᱫ		
C:\Projects\hackathons\isih\src\scenarios\machinery-conveyor-loto.json	$.props[1].label	Coal jammed at the tail pulley	ᱴᱮᱞ ᱯᱩᱞᱤ ᱨᱮ ᱡᱟᱢ ᱮᱱ ᱠᱚᱭᱞᱟ		
C:\Projects\hackathons\isih\src\scenarios\machinery-conveyor-loto.json	$.props[2].label	Helper's loose gamchha	ᱦᱮᱞᱯᱚᱨ ᱨᱮᱭᱟᱜ ᱞᱚᱦᱚᱨ ᱜᱟᱢᱪᱷᱟ		
C:\Projects\hackathons\isih\src\scenarios\machinery-conveyor-loto.json	$.props[3].label	Your helper	ᱟᱢᱟᱜ ᱦᱮᱞᱯᱚᱨ		
C:\Projects\hackathons\isih\src\scenarios\machinery-conveyor-loto.json	$.props[4].label	Helper caught at the pulley	ᱯᱩᱞᱤ ᱨᱮ ᱥᱟᱵ ᱮᱱ ᱦᱮᱞᱯᱚᱨ		
C:\Projects\hackathons\isih\src\scenarios\machinery-conveyor-loto.json	$.props[5].label	Pull-cord stop switch	ᱯᱩᱞ-ᱠᱚᱨᱰ ᱛᱮᱸᱜᱚ ᱥᱩᱭᱤᱪ		
C:\Projects\hackathons\isih\src\scenarios\machinery-conveyor-loto.json	$.props[6].label	Isolator C3	ᱟᱭᱥᱚᱞᱮᱴᱚᱨ C3		
C:\Projects\hackathons\isih\src\scenarios\machinery-conveyor-loto.json	$.props[7].label	Isolator C4	ᱟᱭᱥᱚᱞᱮᱴᱚᱨ C4		
C:\Projects\hackathons\isih\src\scenarios\machinery-conveyor-loto.json	$.props[8].label	Your personal padlock	ᱟᱢᱟᱜ ᱱᱤᱡᱚᱨ ᱛᱟᱞᱟ		
C:\Projects\hackathons\isih\src\scenarios\machinery-conveyor-loto.json	$.props[9].label	Do-not-operate tag	'ᱟᱞᱚᱢ ᱪᱟᱞᱟᱣ' ᱴᱮᱜ		
C:\Projects\hackathons\isih\src\scenarios\machinery-conveyor-loto.json	$.props[10].label	Local start button	ᱞᱚᱠᱟᱞ ᱥᱴᱟᱨᱴ ᱵᱚᱴᱚᱱ		
C:\Projects\hackathons\isih\src\scenarios\machinery-conveyor-loto.json	$.props[11].label	Radio to control room	ᱠᱚᱱᱴᱨᱚᱞ ᱨᱩᱢ ᱨᱮᱱᱟᱜ ᱨᱮᱰᱤᱭᱳ		
C:\Projects\hackathons\isih\src\scenarios\machinery-conveyor-loto.json	$.nodes[0].prompt.text	It is the {{shift}} shift at the coal handling plant. Belt {{belt}} has jammed: coal is packed around the tail pulley, and the belt is still running. Your supervisor sends you and a helper to clear it. Do not touch anything yet.	ᱠᱚᱭᱞᱟ ᱦᱟᱱᱰᱞᱤᱝ ᱯᱞᱟᱱᱴ ᱨᱮ ᱱᱤᱛᱚᱜ {{shift}} ᱥᱤᱯᱷᱴ ᱠᱟᱱᱟ। ᱵᱮᱞᱴ {{belt}} ᱡᱟᱢ ᱮᱱᱟ: ᱴᱮᱞ ᱯᱩᱞᱤ ᱪᱟᱨᱮᱥᱮᱫ ᱠᱚᱭᱞᱟ ᱯᱮᱨᱮᱡ ᱟᱠᱟᱱᱟ, ᱟᱨ ᱵᱮᱞᱴ ᱱᱤᱛᱚᱜ ᱦᱚᱸ ᱪᱟᱞᱟᱣ ᱠᱟᱱᱟ। ᱟᱢᱟᱜ ᱥᱩᱯᱚᱨᱣᱟᱭᱡᱚᱨ ᱟᱢ ᱟᱨ ᱢᱤᱫ ᱦᱮᱞᱯᱚᱨ ᱮᱱᱟ ᱥᱟᱯᱷᱟ ᱞᱟᱹᱜᱤᱫ ᱠᱩᱞ ᱠᱟᱫ ᱢᱮᱭᱟ। ᱱᱤᱛᱚᱜ ᱫᱚ ᱡᱟᱦᱟᱱ ᱡᱤᱱᱤᱥ ᱟᱞᱚᱢ ᱡᱚᱢᱟᱜ-ᱟ।		
C:\Projects\hackathons\isih\src\scenarios\machinery-conveyor-loto.json	$.nodes[1].prompt.text	It is the {{shift}} shift at the coal handling plant. Belt {{belt}} has jammed and tripped: it has stopped, with coal packed around the tail pulley. A stopped belt is not a safe belt. Your supervisor sends you and a helper to clear it. Do not touch anything yet.	ᱠᱚᱭᱞᱟ ᱦᱟᱱᱰᱞᱤᱝ ᱯᱞᱟᱱᱴ ᱨᱮ ᱱᱤᱛᱚᱜ {{shift}} ᱥᱤᱯᱷᱴ ᱠᱟᱱᱟ। ᱵᱮᱞᱴ {{belt}} ᱡᱟᱢ ᱮᱱ ᱛᱮ ᱴᱨᱤᱯ ᱮᱱᱟ: ᱱᱚᱶᱟ ᱛᱮᱸᱜᱚ ᱟᱠᱟᱱᱟ, ᱟᱨ ᱴᱮᱞ ᱯᱩᱞᱤ ᱪᱟᱨᱮᱥᱮᱫ ᱠᱚᱭᱞᱟ ᱯᱮᱨᱮᱡ ᱟᱠᱟᱱᱟ। ᱛᱮᱸᱜᱚ ᱟᱠᱟᱱ ᱵᱮᱞᱴ ᱫᱚ ᱨᱚᱠᱷᱟ ᱵᱮᱞᱴ ᱵᱟᱭ ᱠᱟᱱᱟ। ᱟᱢᱟᱜ ᱥᱩᱯᱚᱨᱣᱟᱭᱡᱚᱨ ᱟᱢ ᱟᱨ ᱢᱤᱫ ᱦᱮᱞᱯᱚᱨ ᱮᱱᱟ ᱥᱟᱯᱷᱟ ᱞᱟᱹᱜᱤᱫ ᱠᱩᱞ ᱠᱟᱫ ᱢᱮᱭᱟ। ᱱᱤᱛᱚᱜ ᱫᱚ ᱡᱟᱦᱟᱱ ᱡᱤᱱᱤᱥ ᱟᱞᱚᱢ ᱡᱚᱢᱟᱜ-ᱟ।		
C:\Projects\hackathons\isih\src\scenarios\machinery-conveyor-loto.json	$.nodes[2].prompt.text	Look around before you go near the belt. Tap on the two things here that could kill someone today, and choose "Look at".	ᱵᱮᱞᱴ ᱡᱟᱦᱟᱡ ᱥᱮᱱ ᱞᱟᱦᱟ ᱪᱟᱨᱮᱥᱮᱫ ᱧᱮᱞ ᱢᱮ। ᱱᱚᱰᱮ ᱨᱮ ᱡᱟᱦᱟᱸ ᱵᱟᱨᱭᱟ ᱡᱤᱱᱤᱥ ᱛᱮᱦᱮᱸᱧ ᱢᱤᱫ ᱦᱚᱲ ᱜᱚᱡ ᱫᱟᱲᱮᱭᱟᱜ-ᱟ, ᱚᱱᱟ ᱴᱮᱯ ᱢᱮ ᱟᱨ "ᱧᱮᱞ ᱢᱮ" ᱵᱟᱪᱷᱟᱣ ᱢᱮ।		
C:\Projects\hackathons\isih\src\scenarios\machinery-conveyor-loto.json	$.nodes[2].goal.text	Look around before you go near the belt. Show the two things here that could kill someone today.	ᱵᱮᱞᱴ ᱡᱟᱦᱟᱡ ᱥᱮᱱ ᱞᱟᱦᱟ ᱪᱟᱨᱮᱥᱮᱫ ᱧᱮᱞ ᱢᱮ। ᱱᱚᱰᱮ ᱨᱮ ᱡᱟᱦᱟᱸ ᱵᱟᱨᱭᱟ ᱡᱤᱱᱤᱥ ᱛᱮᱦᱮᱸᱧ ᱢᱤᱫ ᱦᱚᱲ ᱜᱚᱡ ᱫᱟᱲᱮᱭᱟᱜ-ᱟ, ᱚᱱᱟ ᱩᱫᱩᱜ ᱢᱮ।		
C:\Projects\hackathons\isih\src\scenarios\machinery-conveyor-loto.json	$.nodes[2].errors[0].consequence.text	You reached into the tail pulley to pull the coal out. The belt was live, and the pulley drew your arm in.	ᱠᱚᱭᱞᱟ ᱚᱰᱚᱠ ᱞᱟᱹᱜᱤᱫ ᱟᱢ ᱴᱮᱞ ᱯᱩᱞᱤ ᱵᱷᱤᱛᱨᱤ ᱛᱤ ᱮᱢ ᱠᱮᱫᱟᱢ। ᱵᱮᱞᱴ ᱪᱟᱞᱩ ᱛᱟᱦᱮᱸ ᱠᱟᱱᱟ, ᱟᱨ ᱯᱩᱞᱤ ᱟᱢᱟᱜ ᱛᱤ ᱵᱷᱤᱛᱨᱤ ᱚᱨ ᱮᱫᱮᱭᱟ।		
C:\Projects\hackathons\isih\src\scenarios\machinery-conveyor-loto.json	$.nodes[2].onTimeout.consequence.text	You did not spot both hazards: the jammed pulley, and the loose cloth hanging near it.	ᱟᱢ ᱵᱟᱨᱭᱟ ᱡᱚᱠᱷᱚᱢ ᱵᱟᱢ ᱧᱮᱞ ᱠᱮᱫᱟ: ᱡᱟᱢ ᱮᱱ ᱯᱩᱞᱤ, ᱟᱨ ᱚᱱᱟ ᱡᱟᱦᱟᱡ ᱨᱮ ᱞᱟᱸᱰᱟ ᱟᱠᱟᱱ ᱞᱚᱦᱚᱨ ᱠᱤᱪᱷᱨᱤᱡ।		
C:\Projects\hackathons\isih\src\scenarios\machinery-conveyor-loto.json	$.nodes[3].prompt.text	The belt is still running, and nobody works on a moving belt. Stop it first: tap the pull-cord switch and choose "Use".	ᱵᱮᱞᱴ ᱱᱤᱛᱚᱜ ᱦᱚᱸ ᱪᱟᱞᱟᱣ ᱠᱟᱱᱟ, ᱟᱨ ᱪᱟᱞᱟᱣ ᱵᱮᱞᱴ ᱨᱮ ᱡᱟᱦᱟᱸ ᱦᱚᱲ ᱠᱟᱹᱢᱤ ᱵᱟᱭ ᱠᱟᱜ-ᱟ। ᱯᱩᱭᱞᱩ ᱱᱚᱶᱟ ᱛᱮᱸᱜᱚ ᱢᱮ: ᱯᱩᱞ-ᱠᱚᱨᱰ ᱥᱩᱭᱤᱪ ᱴᱮᱯ ᱢᱮ ᱟᱨ "ᱵᱮᱵᱷᱟᱨ ᱢᱮ" ᱵᱟᱪᱷᱟᱣ ᱢᱮ।		
C:\Projects\hackathons\isih\src\scenarios\machinery-conveyor-loto.json	$.nodes[3].goal.text	The belt is running, with coal packed at the tail pulley. Make it safe to work on.	ᱵᱮᱞᱴ ᱪᱟᱞᱟᱣ ᱠᱟᱱᱟ, ᱟᱨ ᱴᱮᱞ ᱯᱩᱞᱤ ᱨᱮ ᱠᱚᱭᱞᱟ ᱯᱮᱨᱮᱡ ᱟᱠᱟᱱᱟ। ᱠᱟᱹᱢᱤ ᱞᱟᱹᱜᱤᱫ ᱱᱚᱶᱟ ᱨᱚᱠᱷᱟ ᱵᱮᱱᱟᱣ ᱢᱮ।		
C:\Projects\hackathons\isih\src\scenarios\machinery-conveyor-loto.json	$.nodes[3].expect[0].label	Stop the belt with the pull cord	ᱯᱩᱞ ᱠᱚᱨᱰ ᱛᱮ ᱵᱮᱞᱴ ᱛᱮᱸᱜᱚ ᱢᱮ		
C:\Projects\hackathons\isih\src\scenarios\machinery-conveyor-loto.json	$.nodes[3].errors[0].consequence.text	You reached into the tail pulley to pull the coal out. The belt was live, and the pulley drew your arm in.	ᱠᱚᱭᱞᱟ ᱚᱰᱚᱠ ᱞᱟᱹᱜᱤᱫ ᱟᱢ ᱴᱮᱞ ᱯᱩᱞᱤ ᱵᱷᱤᱛᱨᱤ ᱛᱤ ᱮᱢ ᱠᱮᱫᱟᱢ। ᱵᱮᱞᱴ ᱪᱟᱞᱩ ᱛᱟᱦᱮᱸ ᱠᱟᱱᱟ, ᱟᱨ ᱯᱩᱞᱤ ᱟᱢᱟᱜ ᱛᱤ ᱵᱷᱤᱛᱨᱤ ᱚᱨ ᱮᱫᱮᱭᱟ।		
C:\Projects\hackathons\isih\src\scenarios\machinery-conveyor-loto.json	$.nodes[3].onTimeout.consequence.text	The belt was left running while people stood beside it.	ᱦᱚᱲ ᱠᱚ ᱡᱟᱦᱟᱡ ᱛᱮᱸᱜᱚ ᱟᱠᱟᱱ ᱚᱠᱛᱮ ᱵᱮᱞᱴ ᱪᱟᱞᱟᱣ ᱛᱮᱭᱟᱜ ᱵᱟᱰᱟᱭ ᱞᱮᱱᱟ।		
C:\Projects\hackathons\isih\src\scenarios\machinery-conveyor-loto.json	$.nodes[4].prompt.text	The belt stops. You turn towards the switch room. Behind you, the belt starts again: someone has reset the pull cord. Your helper had leaned in to pull the coal out, and his loose gamchha has dragged his arm into the pulley.	ᱵᱮᱞᱴ ᱛᱮᱸᱜᱚ ᱮᱱᱟ। ᱟᱢ ᱥᱩᱭᱤᱪ ᱨᱩᱢ ᱥᱮᱫ ᱨᱩᱣᱟᱲ ᱠᱟᱱᱟᱢ। ᱟᱢᱟᱜ ᱛᱟᱭᱚᱢ ᱨᱮ ᱵᱮᱞᱴ ᱫᱚᱦᱲᱟ ᱮᱦᱚᱵ ᱮᱱᱟ: ᱡᱟᱦᱟᱸ ᱦᱚᱲ ᱯᱩᱞ ᱠᱚᱨᱰ ᱨᱤᱥᱮᱴ ᱠᱮᱫᱟᱭ। ᱟᱢᱟᱜ ᱦᱮᱞᱯᱚᱨ ᱠᱚᱭᱞᱟ ᱚᱰᱚᱠ ᱞᱟᱹᱜᱤᱫ ᱵᱷᱤᱛᱨᱤ ᱞᱩᱜᱩᱲ ᱠᱟᱱ ᱛᱟᱦᱮᱸᱭᱟᱭ, ᱟᱨ ᱩᱱᱤᱭᱟᱜ ᱞᱚᱦᱚᱨ ᱜᱟᱢᱪᱷᱟ ᱩᱱᱤᱭᱟᱜ ᱛᱤ ᱯᱩᱞᱤ ᱵᱷᱤᱛᱨᱤ ᱚᱨ ᱟᱠᱟᱫᱮᱭᱟ।		
C:\Projects\hackathons\isih\src\scenarios\machinery-conveyor-loto.json	$.nodes[5].prompt.text	You turn towards the switch room. Behind you, the belt starts: the control room has restarted it, not knowing anyone is here. Your helper had leaned in to pull the coal out, and his loose gamchha has dragged his arm into the pulley.	ᱟᱢ ᱥᱩᱭᱤᱪ ᱨᱩᱢ ᱥᱮᱫ ᱨᱩᱣᱟᱲ ᱠᱟᱱᱟᱢ। ᱟᱢᱟᱜ ᱛᱟᱭᱚᱢ ᱨᱮ ᱵᱮᱞᱴ ᱮᱦᱚᱵ ᱮᱱᱟ: ᱠᱚᱱᱴᱨᱚᱞ ᱨᱩᱢ ᱫᱚ ᱱᱚᱰᱮ ᱡᱟᱦᱟᱸ ᱦᱚᱲ ᱢᱮᱱᱟᱜ-ᱮ ᱵᱟᱭ ᱵᱟᱰᱟᱭ ᱠᱟᱛᱮ ᱫᱚᱦᱲᱟ ᱮᱦᱚᱵ ᱠᱮᱫᱟ। ᱟᱢᱟᱜ ᱦᱮᱞᱯᱚᱨ ᱠᱚᱭᱞᱟ ᱚᱰᱚᱠ ᱞᱟᱹᱜᱤᱫ ᱵᱷᱤᱛᱨᱤ ᱞᱩᱜᱩᱲ ᱠᱟᱱ ᱛᱟᱦᱮᱸᱭᱟᱭ, ᱟᱨ ᱩᱱᱤᱭᱟᱜ ᱞᱚᱦᱚᱨ ᱜᱟᱢᱪᱷᱟ ᱩᱱᱤᱭᱟᱜ ᱛᱤ ᱯᱩᱞᱤ ᱵᱷᱤᱛᱨᱤ ᱚᱨ ᱟᱠᱟᱫᱮᱭᱟ।		
C:\Projects\hackathons\isih\src\scenarios\machinery-conveyor-loto.json	$.nodes[6].prompt.text	He is caught and the belt is running. Do NOT grab him: the pulley will take you too. First, tap the pull-cord switch and choose "Use" to stop the belt. Then tap the radio and choose "Report to": a man is caught on belt {{belt}}, keep it stopped, send first aid.	ᱩᱱᱤ ᱥᱟᱵ ᱟᱠᱟᱱᱟᱭ ᱟᱨ ᱵᱮᱞᱴ ᱪᱟᱞᱟᱣ ᱠᱟᱱᱟ। ᱩᱱᱤ ᱟᱞᱚᱢ ᱥᱟᱵᱮᱭᱟ: ᱯᱩᱞᱤ ᱟᱢ ᱦᱚᱸ ᱚᱨ ᱮᱫᱢᱮᱭᱟ। ᱯᱩᱭᱞᱩ, ᱵᱮᱞᱴ ᱛᱮᱸᱜᱚ ᱞᱟᱹᱜᱤᱫ ᱯᱩᱞ-ᱠᱚᱨᱰ ᱥᱩᱭᱤᱪ ᱴᱮᱯ ᱢᱮ ᱟᱨ "ᱵᱮᱵᱷᱟᱨ ᱢᱮ" ᱵᱟᱪᱷᱟᱣ ᱢᱮ। ᱚᱱᱟ ᱛᱟᱭᱚᱢ ᱨᱮᱰᱤᱭᱳ ᱴᱮᱯ ᱢᱮ ᱟᱨ "ᱠᱷᱚᱵᱚᱨ ᱮᱢ ᱢᱮ" ᱵᱟᱪᱷᱟᱣ ᱢᱮ: ᱵᱮᱞᱴ {{belt}} ᱨᱮ ᱢᱤᱫ ᱦᱚᱲ ᱥᱟᱵ ᱮᱱᱟᱭ, ᱱᱚᱶᱟ ᱛᱮᱸᱜᱚ ᱫᱚᱦᱚᱭ ᱯᱮ, ᱯᱩᱭᱞᱩ ᱜᱚᱲᱚ ᱠᱩᱞ ᱯᱮ।		
C:\Projects\hackathons\isih\src\scenarios\machinery-conveyor-loto.json	$.nodes[6].goal.text	Your helper's arm is caught in the pulley and the belt is running. Act.	ᱟᱢᱟᱜ ᱦᱮᱞᱯᱚᱨ ᱨᱮᱭᱟᱜ ᱛᱤ ᱯᱩᱞᱤ ᱨᱮ ᱥᱟᱵ ᱟᱠᱟᱱᱟ ᱟᱨ ᱵᱮᱞᱴ ᱪᱟᱞᱟᱣ ᱠᱟᱱᱟ। ᱠᱟᱹᱢᱤ ᱢᱮ।		
C:\Projects\hackathons\isih\src\scenarios\machinery-conveyor-loto.json	$.nodes[6].expect[0].label	Stop the belt	ᱵᱮᱞᱴ ᱛᱮᱸᱜᱚ ᱢᱮ		
C:\Projects\hackathons\isih\src\scenarios\machinery-conveyor-loto.json	$.nodes[6].expect[1].label	Call the control room	ᱠᱚᱱᱴᱨᱚᱞ ᱨᱩᱢ ᱠᱷᱚᱵᱚᱨ ᱮᱢ ᱢᱮ		
C:\Projects\hackathons\isih\src\scenarios\machinery-conveyor-loto.json	$.nodes[6].errors[0].consequence.text	You grabbed him while the belt could still run. The pulley pulled you in beside him.	ᱵᱮᱞᱴ ᱱᱤᱛᱚᱜ ᱦᱚᱸ ᱪᱟᱞᱟᱣ ᱫᱟᱲᱮᱭᱟᱜ ᱚᱠᱛᱚ ᱟᱢ ᱩᱱᱤ ᱥᱟᱵ ᱠᱮᱫᱮᱭᱟᱢ। ᱯᱩᱞᱤ ᱟᱢ ᱦᱚᱸ ᱩᱱᱤᱭᱟᱜ ᱡᱟᱦᱟᱡ ᱚᱨ ᱮᱫ ᱢᱮᱭᱟ।		
C:\Projects\hackathons\isih\src\scenarios\machinery-conveyor-loto.json	$.nodes[6].errors[1].consequence.text	You reached into the tail pulley to pull the coal out. The belt was live, and the pulley drew your arm in.	ᱠᱚᱭᱞᱟ ᱚᱰᱚᱠ ᱞᱟᱹᱜᱤᱫ ᱟᱢ ᱴᱮᱞ ᱯᱩᱞᱤ ᱵᱷᱤᱛᱨᱤ ᱛᱤ ᱮᱢ ᱠᱮᱫᱟᱢ। ᱵᱮᱞᱴ ᱪᱟᱞᱩ ᱛᱟᱦᱮᱸ ᱠᱟᱱᱟ, ᱟᱨ ᱯᱩᱞᱤ ᱟᱢᱟᱜ ᱛᱤ ᱵᱷᱤᱛᱨᱤ ᱚᱨ ᱮᱫᱮᱭᱟ।		
C:\Projects\hackathons\isih\src\scenarios\machinery-conveyor-loto.json	$.nodes[6].onTimeout.consequence.text	The belt kept running while you hesitated.	ᱟᱢ ᱫᱚᱢᱠᱟᱣ ᱠᱟᱱ ᱚᱠᱛᱮ ᱵᱮᱞᱴ ᱪᱟᱞᱟᱣ ᱛᱮᱭᱟᱜ ᱛᱟᱦᱮᱸ ᱮᱱᱟ।		
C:\Projects\hackathons\isih\src\scenarios\machinery-conveyor-loto.json	$.nodes[7].prompt.text	The belt has stopped, but it has already restarted once today. Before anyone touches him, cut its power at the source. Belt {{belt}} is fed by isolator {{belt}}. Tap isolator {{belt}} and choose "Open" to switch it off.	ᱵᱮᱞᱴ ᱛᱮᱸᱜᱚ ᱟᱠᱟᱱᱟ, ᱢᱮᱱᱠᱷᱟᱱ ᱛᱮᱦᱮᱸᱧ ᱢᱤᱫ ᱫᱷᱟᱣ ᱱᱚᱶᱟ ᱫᱚᱦᱲᱟ ᱮᱦᱚᱵ ᱟᱠᱟᱱᱟ। ᱡᱟᱦᱟᱸ ᱦᱚᱲ ᱩᱱᱤ ᱡᱚᱢ ᱞᱟᱦᱟ, ᱢᱩᱲ ᱠᱷᱚᱱ ᱵᱤᱡᱩᱞᱤ ᱠᱟᱴ ᱢᱮ। ᱵᱮᱞᱴ {{belt}} ᱫᱚ ᱟᱭᱥᱚᱞᱮᱴᱚᱨ {{belt}} ᱠᱷᱚᱱ ᱵᱤᱡᱩᱞᱤ ᱧᱟᱢ ᱠᱟᱜ-ᱟ। ᱟᱭᱥᱚᱞᱮᱴᱚᱨ {{belt}} ᱴᱮᱯ ᱢᱮ ᱟᱨ ᱵᱚᱸᱫᱚ ᱞᱟᱹᱜᱤᱫ "ᱡᱷᱤᱡ ᱢᱮ" ᱵᱟᱪᱷᱟᱣ ᱢᱮ।		
C:\Projects\hackathons\isih\src\scenarios\machinery-conveyor-loto.json	$.nodes[7].goal.text	The belt has stopped, but it has already restarted once today. Make sure it cannot start again.	ᱵᱮᱞᱴ ᱛᱮᱸᱜᱚ ᱟᱠᱟᱱᱟ, ᱢᱮᱱᱠᱷᱟᱱ ᱛᱮᱦᱮᱸᱧ ᱢᱤᱫ ᱫᱷᱟᱣ ᱱᱚᱶᱟ ᱫᱚᱦᱲᱟ ᱮᱦᱚᱵ ᱟᱠᱟᱱᱟ। ᱱᱚᱶᱟ ᱫᱚᱦᱲᱟ ᱟᱞᱚ ᱮᱦᱚᱵᱚᱜ-ᱟ ᱚᱱᱟ ᱯᱚᱠᱷᱟ ᱢᱮ।		
C:\Projects\hackathons\isih\src\scenarios\machinery-conveyor-loto.json	$.nodes[7].expect[0].label	Open isolator {{belt}}	ᱟᱭᱥᱚᱞᱮᱴᱚᱨ {{belt}} ᱡᱷᱤᱡ ᱢᱮ		
C:\Projects\hackathons\isih\src\scenarios\machinery-conveyor-loto.json	$.nodes[7].errors[0].consequence.text	That isolator feeds the other belt. Belt {{belt}} is still live. Read the plate before you switch anything.	ᱚᱱᱟ ᱟᱭᱥᱚᱞᱮᱴᱚᱨ ᱫᱚ ᱮᱴᱟᱜ ᱵᱮᱞᱴ ᱨᱮᱱᱟᱜ ᱠᱟᱱᱟ। ᱵᱮᱞᱴ {{belt}} ᱱᱤᱛᱚᱜ ᱦᱚᱸ ᱪᱟᱞᱩ ᱢᱮᱱᱟᱜ-ᱟ। ᱡᱟᱦᱟᱱ ᱥᱩᱭᱤᱪ ᱞᱟᱦᱟ ᱯᱞᱮᱴ ᱯᱟᱲᱦᱟᱣ ᱢᱮ।		
C:\Projects\hackathons\isih\src\scenarios\machinery-conveyor-loto.json	$.nodes[7].errors[1].consequence.text	Not yet. The belt has already restarted once today. Going to him before it is made safe puts two people in the pulley instead of one.	ᱱᱤᱛᱚᱜ ᱵᱟᱝ। ᱵᱮᱞᱴ ᱛᱮᱦᱮᱸᱧ ᱢᱤᱫ ᱫᱷᱟᱣ ᱫᱚᱦᱲᱟ ᱮᱦᱚᱵ ᱟᱠᱟᱱᱟ। ᱨᱚᱠᱷᱟ ᱵᱮᱱᱟᱣ ᱞᱟᱦᱟ ᱩᱱᱤ ᱡᱟᱦᱟᱡ ᱥᱮᱱ ᱛᱮ ᱢᱤᱫ ᱨᱮᱱ ᱵᱚᱫᱚᱞ ᱵᱟᱨᱭᱟ ᱦᱚᱲ ᱯᱩᱞᱤ ᱨᱮ ᱮᱦᱚᱵᱚᱜ-ᱟ।		
C:\Projects\hackathons\isih\src\scenarios\machinery-conveyor-loto.json	$.nodes[7].errors[2].consequence.text	Not yet. The belt is stopped but not yet made safe. Nobody touches the pulley until the belt is isolated, locked, tagged and tested.	ᱱᱤᱛᱚᱜ ᱵᱟᱝ। ᱵᱮᱞᱴ ᱛᱮᱸᱜᱚ ᱟᱠᱟᱱᱟ ᱢᱮᱱᱠᱷᱟᱱ ᱱᱤᱛᱚᱜ ᱫᱷᱟᱹᱵᱤᱡ ᱨᱚᱠᱷᱟ ᱵᱟᱝ ᱵᱮᱱᱟᱣ ᱟᱠᱟᱱᱟ। ᱵᱮᱞᱴ ᱟᱭᱥᱚᱞᱮᱴ, ᱛᱟᱞᱟ, ᱴᱮᱜ ᱟᱨ ᱡᱟᱸᱪ ᱵᱟᱝ ᱦᱩᱭ ᱫᱷᱟᱹᱵᱤᱡ ᱡᱟᱦᱟᱸ ᱦᱚᱲ ᱯᱩᱞᱤ ᱵᱟᱭ ᱡᱚᱢᱟᱜ-ᱟ।		
C:\Projects\hackathons\isih\src\scenarios\machinery-conveyor-loto.json	$.nodes[7].onTimeout.consequence.text	The belt was not isolated in time.	ᱚᱠᱛᱚ ᱨᱮ ᱵᱮᱞᱴ ᱟᱭᱥᱚᱞᱮᱴ ᱵᱟᱭ ᱦᱩᱭ ᱞᱮᱱᱟ।		
C:\Projects\hackathons\isih\src\scenarios\machinery-conveyor-loto.json	$.nodes[8].prompt.text	The belt has stopped, but it has already restarted once today. Before anyone touches him, cut its power at the source. Belt {{belt}} is fed by isolator {{belt}}. Tap isolator {{belt}} and choose "Open" to switch it off.	ᱵᱮᱞᱴ ᱛᱮᱸᱜᱚ ᱟᱠᱟᱱᱟ, ᱢᱮᱱᱠᱷᱟᱱ ᱛᱮᱦᱮᱸᱧ ᱢᱤᱫ ᱫᱷᱟᱣ ᱱᱚᱶᱟ ᱫᱚᱦᱲᱟ ᱮᱦᱚᱵ ᱟᱠᱟᱱᱟ। ᱡᱟᱦᱟᱸ ᱦᱚᱲ ᱩᱱᱤ ᱡᱚᱢ ᱞᱟᱦᱟ, ᱢᱩᱲ ᱠᱷᱚᱱ ᱵᱤᱡᱩᱞᱤ ᱠᱟᱴ ᱢᱮ। ᱵᱮᱞᱴ {{belt}} ᱫᱚ ᱟᱭᱥᱚᱞᱮᱴᱚᱨ {{belt}} ᱠᱷᱚᱱ ᱵᱤᱡᱩᱞᱤ ᱧᱟᱢ ᱠᱟᱜ-ᱟ। ᱟᱭᱥᱚᱞᱮᱴᱚᱨ {{belt}} ᱴᱮᱯ ᱢᱮ ᱟᱨ ᱵᱚᱸᱫᱚ ᱞᱟᱹᱜᱤᱫ "ᱡᱷᱤᱡ ᱢᱮ" ᱵᱟᱪᱷᱟᱣ ᱢᱮ।		
C:\Projects\hackathons\isih\src\scenarios\machinery-conveyor-loto.json	$.nodes[8].goal.text	The belt has stopped, but it has already restarted once today. Make sure it cannot start again.	ᱵᱮᱞᱴ ᱛᱮᱸᱜᱚ ᱟᱠᱟᱱᱟ, ᱢᱮᱱᱠᱷᱟᱱ ᱛᱮᱦᱮᱸᱧ ᱢᱤᱫ ᱫᱷᱟᱣ ᱱᱚᱶᱟ ᱫᱚᱦᱲᱟ ᱮᱦᱚᱵ ᱟᱠᱟᱱᱟ। ᱱᱚᱶᱟ ᱫᱚᱦᱲᱟ ᱟᱞᱚ ᱮᱦᱚᱵᱚᱜ-ᱟ ᱚᱱᱟ ᱯᱚᱠᱷᱟ ᱢᱮ।		
C:\Projects\hackathons\isih\src\scenarios\machinery-conveyor-loto.json	$.nodes[8].expect[0].label	Open isolator {{belt}}	ᱟᱭᱥᱚᱞᱮᱴᱚᱨ {{belt}} ᱡᱷᱤᱡ ᱢᱮ		
C:\Projects\hackathons\isih\src\scenarios\machinery-conveyor-loto.json	$.nodes[8].errors[0].consequence.text	That isolator feeds the other belt. Belt {{belt}} is still live. Read the plate before you switch anything.	ᱚᱱᱟ ᱟᱭᱥᱚᱞᱮᱴᱚᱨ ᱫᱚ ᱮᱴᱟᱜ ᱵᱮᱞᱴ ᱨᱮᱱᱟᱜ ᱠᱟᱱᱟ। ᱵᱮᱞᱴ {{belt}} ᱱᱤᱛᱚᱜ ᱦᱚᱸ ᱪᱟᱞᱩ ᱢᱮᱱᱟᱜ-ᱟ। ᱡᱟᱦᱟᱱ ᱥᱩᱭᱤᱪ ᱞᱟᱦᱟ ᱯᱞᱮᱴ ᱯᱟᱲᱦᱟᱣ ᱢᱮ।		
C:\Projects\hackathons\isih\src\scenarios\machinery-conveyor-loto.json	$.nodes[8].errors[1].consequence.text	Not yet. The belt has already restarted once today. Going to him before it is made safe puts two people in the pulley instead of one.	ᱱᱤᱛᱚᱜ ᱵᱟᱝ। ᱵᱮᱞᱴ ᱛᱮᱦᱮᱸᱧ ᱢᱤᱫ ᱫᱷᱟᱣ ᱫᱚᱦᱲᱟ ᱮᱦᱚᱵ ᱟᱠᱟᱱᱟ। ᱨᱚᱠᱷᱟ ᱵᱮᱱᱟᱣ ᱞᱟᱦᱟ ᱩᱱᱤ ᱡᱟᱦᱟᱡ ᱥᱮᱱ ᱛᱮ ᱢᱤᱫ ᱨᱮᱱ ᱵᱚᱫᱚᱞ ᱵᱟᱨᱭᱟ ᱦᱚᱲ ᱯᱩᱞᱤ ᱨᱮ ᱮᱦᱚᱵᱚᱜ-ᱟ।		
C:\Projects\hackathons\isih\src\scenarios\machinery-conveyor-loto.json	$.nodes[8].errors[2].consequence.text	Not yet. The belt is stopped but not yet made safe. Nobody touches the pulley until the belt is isolated, locked, tagged and tested.	ᱱᱤᱛᱚᱜ ᱵᱟᱝ। ᱵᱮᱞᱴ ᱛᱮᱸᱜᱚ ᱟᱠᱟᱱᱟ ᱢᱮᱱᱠᱷᱟᱱ ᱱᱤᱛᱚᱜ ᱫᱷᱟᱹᱵᱤᱡ ᱨᱚᱠᱷᱟ ᱵᱟᱝ ᱵᱮᱱᱟᱣ ᱟᱠᱟᱱᱟ। ᱵᱮᱞᱴ ᱟᱭᱥᱚᱞᱮᱴ, ᱛᱟᱞᱟ, ᱴᱮᱜ ᱟᱨ ᱡᱟᱸᱪ ᱵᱟᱝ ᱦᱩᱭ ᱫᱷᱟᱹᱵᱤᱡ ᱡᱟᱦᱟᱸ ᱦᱚᱲ ᱯᱩᱞᱤ ᱵᱟᱭ ᱡᱚᱢᱟᱜ-ᱟ।		
C:\Projects\hackathons\isih\src\scenarios\machinery-conveyor-loto.json	$.nodes[8].onTimeout.consequence.text	The belt was not isolated in time.	ᱚᱠᱛᱚ ᱨᱮ ᱵᱮᱞᱴ ᱟᱭᱥᱚᱞᱮᱴ ᱵᱟᱭ ᱦᱩᱭ ᱞᱮᱱᱟ।		
C:\Projects\hackathons\isih\src\scenarios\machinery-conveyor-loto.json	$.nodes[9].prompt.text	An isolator someone else can switch back on is not isolation. Tap your personal padlock and choose "Clip on" to lock the isolator. Then tap the do-not-operate tag and choose "Clip on".	ᱡᱟᱦᱟᱸ ᱟᱭᱥᱚᱞᱮᱴᱚᱨ ᱮᱴᱟᱜ ᱦᱚᱲ ᱫᱚᱦᱲᱟ ᱮᱦᱚᱵ ᱫᱟᱲᱮᱭᱟᱜ-ᱟ, ᱚᱱᱟ ᱟᱭᱥᱚᱞᱮᱥᱚᱱ ᱵᱟᱭ ᱠᱟᱱᱟ। ᱟᱢᱟᱜ ᱱᱤᱡᱚᱨ ᱛᱟᱞᱟ ᱴᱮᱯ ᱢᱮ ᱟᱨ ᱟᱭᱥᱚᱞᱮᱴᱚᱨ ᱛᱟᱞᱟ ᱞᱟᱹᱜᱤᱫ "ᱞᱟᱹᱜᱟᱣ ᱢᱮ" ᱵᱟᱪᱷᱟᱣ ᱢᱮ। ᱚᱱᱟ ᱛᱟᱭᱚᱢ 'ᱟᱞᱚᱢ ᱪᱟᱞᱟᱣ' ᱴᱮᱜ ᱴᱮᱯ ᱢᱮ ᱟᱨ "ᱞᱟᱹᱜᱟᱣ ᱢᱮ" ᱵᱟᱪᱷᱟᱣ ᱢᱮ।		
C:\Projects\hackathons\isih\src\scenarios\machinery-conveyor-loto.json	$.nodes[9].goal.text	The isolator is open. Make sure nobody else can switch it back on while you are at the pulley.	ᱟᱭᱥᱚᱞᱮᱴᱚᱨ ᱡᱷᱤᱡ ᱟᱠᱟᱱᱟ। ᱟᱢ ᱯᱩᱞᱤ ᱨᱮ ᱢᱮᱱᱟᱢ ᱚᱠᱛᱚ ᱮᱴᱟᱜ ᱡᱟᱦᱟᱸ ᱦᱚᱲ ᱱᱚᱶᱟ ᱟᱞᱚ ᱫᱚᱦᱲᱟ ᱮᱦᱚᱵ ᱫᱟᱲᱮᱭᱟᱜ-ᱟ ᱚᱱᱟ ᱯᱚᱠᱷᱟ ᱢᱮ।		
C:\Projects\hackathons\isih\src\scenarios\machinery-conveyor-loto.json	$.nodes[9].expect[0].label	Lock the isolator	ᱟᱭᱥᱚᱞᱮᱴᱚᱨ ᱨᱮ ᱛᱟᱞᱟ ᱞᱟᱹᱜᱟᱣ ᱢᱮ		
C:\Projects\hackathons\isih\src\scenarios\machinery-conveyor-loto.json	$.nodes[9].expect[1].label	Hang the tag	ᱴᱮᱜ ᱞᱟᱸᱰᱟᱭ ᱢᱮ		
C:\Projects\hackathons\isih\src\scenarios\machinery-conveyor-loto.json	$.nodes[9].errors[0].consequence.text	Not yet. The belt has already restarted once today. Going to him before it is made safe puts two people in the pulley instead of one.	ᱱᱤᱛᱚᱜ ᱵᱟᱝ। ᱵᱮᱞᱴ ᱛᱮᱦᱮᱸᱧ ᱢᱤᱫ ᱫᱷᱟᱣ ᱫᱚᱦᱲᱟ ᱮᱦᱚᱵ ᱟᱠᱟᱱᱟ। ᱨᱚᱠᱷᱟ ᱵᱮᱱᱟᱣ ᱞᱟᱦᱟ ᱩᱱᱤ ᱡᱟᱦᱟᱡ ᱥᱮᱱ ᱛᱮ ᱢᱤᱫ ᱨᱮᱱ ᱵᱚᱫᱚᱞ ᱵᱟᱨᱭᱟ ᱦᱚᱲ ᱯᱩᱞᱤ ᱨᱮ ᱮᱦᱚᱵᱚᱜ-ᱟ।		
C:\Projects\hackathons\isih\src\scenarios\machinery-conveyor-loto.json	$.nodes[9].errors[1].consequence.text	Not yet. The belt is stopped but not yet made safe. Nobody touches the pulley until the belt is isolated, locked, tagged and tested.	ᱱᱤᱛᱚᱜ ᱵᱟᱝ। ᱵᱮᱞᱴ ᱛᱮᱸᱜᱚ ᱟᱠᱟᱱᱟ ᱢᱮᱱᱠᱷᱟᱱ ᱱᱤᱛᱚᱜ ᱫᱷᱟᱹᱵᱤᱡ ᱨᱚᱠᱷᱟ ᱵᱟᱝ ᱵᱮᱱᱟᱣ ᱟᱠᱟᱱᱟ। ᱵᱮᱞᱴ ᱟᱭᱥᱚᱞᱮᱴ, ᱛᱟᱞᱟ, ᱴᱮᱜ ᱟᱨ ᱡᱟᱸᱪ ᱵᱟᱝ ᱦᱩᱭ ᱫᱷᱟᱹᱵᱤᱡ ᱡᱟᱦᱟᱸ ᱦᱚᱲ ᱯᱩᱞᱤ ᱵᱟᱭ ᱡᱚᱢᱟᱜ-ᱟ।		
C:\Projects\hackathons\isih\src\scenarios\machinery-conveyor-loto.json	$.nodes[9].onTimeout.consequence.text	The isolator was left without your lock and tag.	ᱟᱭᱥᱚᱞᱮᱴᱚᱨ ᱨᱮ ᱟᱢᱟᱜ ᱛᱟᱞᱟ ᱟᱨ ᱴᱮᱜ ᱵᱟᱝ ᱛᱟᱦᱮᱸ ᱞᱮᱱᱟ।		
C:\Projects\hackathons\isih\src\scenarios\machinery-conveyor-loto.json	$.nodes[10].prompt.text	Prove the belt is dead before anyone goes near it. Tap the local start button and choose "Use". The belt must not move.	ᱡᱟᱦᱟᱸ ᱦᱚᱲ ᱡᱟᱦᱟᱡ ᱥᱮᱱ ᱞᱟᱦᱟ ᱵᱮᱞᱴ ᱨᱮ ᱵᱤᱡᱩᱞᱤ ᱵᱟᱹᱱᱩᱜ-ᱟ ᱚᱱᱟ ᱩᱫᱩᱜ ᱢᱮ। ᱞᱚᱠᱟᱞ ᱥᱴᱟᱨᱴ ᱵᱚᱴᱚᱱ ᱴᱮᱯ ᱢᱮ ᱟᱨ "ᱵᱮᱵᱷᱟᱨ ᱢᱮ" ᱵᱟᱪᱷᱟᱣ ᱢᱮ। ᱵᱮᱞᱴ ᱟᱞᱚ ᱦᱚᱲᱚᱜ-ᱟ।		
C:\Projects\hackathons\isih\src\scenarios\machinery-conveyor-loto.json	$.nodes[10].goal.text	Your lock is on the isolator. Satisfy yourself that the belt is really dead.	ᱟᱢᱟᱜ ᱛᱟᱞᱟ ᱟᱭᱥᱚᱞᱮᱴᱚᱨ ᱨᱮ ᱢᱮᱱᱟᱜ-ᱟ। ᱵᱮᱞᱴ ᱥᱟᱹᱨᱤ ᱜᱮ ᱵᱤᱡᱩᱞᱤ ᱵᱟᱹᱱᱩᱜ-ᱟ ᱚᱱᱟ ᱟᱢᱜᱮ ᱡᱟᱸᱪ ᱢᱮ।		
C:\Projects\hackathons\isih\src\scenarios\machinery-conveyor-loto.json	$.nodes[10].expect[0].label	Test: press start, the belt stays still	ᱡᱟᱸᱪ: ᱥᱴᱟᱨᱴ ᱚᱛᱟ ᱢᱮ, ᱵᱮᱞᱴ ᱛᱮᱸᱜᱚ ᱛᱟᱦᱮᱸᱱᱟ		
C:\Projects\hackathons\isih\src\scenarios\machinery-conveyor-loto.json	$.nodes[10].errors[0].consequence.text	Not yet. A lock on the wrong switch looks exactly like a lock on the right one. Test first.	ᱱᱤᱛᱚᱜ ᱵᱟᱝ। ᱵᱷᱩᱞ ᱥᱩᱭᱤᱪ ᱨᱮ ᱞᱟᱹᱜᱟᱣ ᱟᱠᱟᱱ ᱛᱟᱞᱟ ᱫᱚ ᱴᱷᱤᱠ ᱥᱩᱭᱤᱪ ᱨᱮᱭᱟᱜ ᱞᱮᱠᱟ ᱜᱮ ᱧᱮᱞᱚᱜ-ᱟ। ᱯᱩᱭᱞᱩ ᱡᱟᱸᱪ ᱢᱮ।		
C:\Projects\hackathons\isih\src\scenarios\machinery-conveyor-loto.json	$.nodes[10].errors[1].consequence.text	Not yet. A lock on the wrong switch looks exactly like a lock on the right one. Test first.	ᱱᱤᱛᱚᱜ ᱵᱟᱝ। ᱵᱷᱩᱞ ᱥᱩᱭᱤᱪ ᱨᱮ ᱞᱟᱹᱜᱟᱣ ᱟᱠᱟᱱ ᱛᱟᱞᱟ ᱫᱚ ᱴᱷᱤᱠ ᱥᱩᱭᱤᱪ ᱨᱮᱭᱟᱜ ᱞᱮᱠᱟ ᱜᱮ ᱧᱮᱞᱚᱜ-ᱟ। ᱯᱩᱭᱞᱩ ᱡᱟᱸᱪ ᱢᱮ।		
C:\Projects\hackathons\isih\src\scenarios\machinery-conveyor-loto.json	$.nodes[10].onTimeout.consequence.text	Nobody proved the belt was dead.	ᱵᱮᱞᱴ ᱨᱮ ᱵᱤᱡᱩᱞᱤ ᱵᱟᱹᱱᱩᱜ-ᱟ ᱚᱱᱟ ᱡᱟᱦᱟᱸ ᱦᱚᱲ ᱵᱟᱭ ᱩᱫᱩᱜ ᱠᱮᱫᱟ।		
C:\Projects\hackathons\isih\src\scenarios\machinery-conveyor-loto.json	$.nodes[11].prompt.text	The belt is stopped, locked and tested. Now go to him. Tap your helper and choose "Look at" to check his arm and his breathing. Then choose "Signal" and keep talking to him until first aid arrives. Do not pull his arm out of the pulley yourself.	ᱵᱮᱞᱴ ᱛᱮᱸᱜᱚ, ᱛᱟᱞᱟ ᱟᱨ ᱡᱟᱸᱪ ᱦᱩᱭ ᱟᱠᱟᱱᱟ। ᱱᱤᱛᱚᱜ ᱩᱱᱤ ᱡᱟᱦᱟᱡ ᱥᱮᱱ ᱢᱮ। ᱟᱢᱟᱜ ᱦᱮᱞᱯᱚᱨ ᱴᱮᱯ ᱢᱮ ᱟᱨ ᱩᱱᱤᱭᱟᱜ ᱛᱤ ᱟᱨ ᱥᱟᱶᱥ ᱧᱮᱞ ᱞᱟᱹᱜᱤᱫ "ᱧᱮᱞ ᱢᱮ" ᱵᱟᱪᱷᱟᱣ ᱢᱮ। ᱚᱱᱟ ᱛᱟᱭᱚᱢ "ᱥᱟᱸᱠᱮᱛ ᱮᱢ ᱢᱮ" ᱵᱟᱪᱷᱟᱣ ᱢᱮ ᱟᱨ ᱯᱩᱭᱞᱩ ᱜᱚᱲᱚ ᱦᱮᱡ ᱫᱷᱟᱹᱵᱤᱡ ᱩᱱᱤ ᱥᱟᱶ ᱨᱚᱲ ᱛᱟᱦᱮᱸᱱ ᱢᱮ। ᱩᱱᱤᱭᱟᱜ ᱛᱤ ᱟᱢᱜᱮ ᱯᱩᱞᱤ ᱠᱷᱚᱱ ᱟᱞᱚᱢ ᱚᱨ ᱚᱰᱚᱠ-ᱟ।		
C:\Projects\hackathons\isih\src\scenarios\machinery-conveyor-loto.json	$.nodes[11].goal.text	The belt is locked out and proven dead. Your helper is still at the pulley.	ᱵᱮᱞᱴ ᱞᱚᱠ-ᱟᱣᱴ ᱦᱩᱭ ᱟᱠᱟᱱᱟ ᱟᱨ ᱵᱤᱡᱩᱞᱤ ᱵᱟᱹᱱᱩᱜ-ᱟ ᱚᱱᱟ ᱩᱫᱩᱜ ᱟᱠᱟᱱᱟ। ᱟᱢᱟᱜ ᱦᱮᱞᱯᱚᱨ ᱱᱤᱛᱚᱜ ᱦᱚᱸ ᱯᱩᱞᱤ ᱨᱮ ᱢᱮᱱᱟᱭᱟ।		
C:\Projects\hackathons\isih\src\scenarios\machinery-conveyor-loto.json	$.nodes[11].expect[0].label	Check his arm and breathing	ᱩᱱᱤᱭᱟᱜ ᱛᱤ ᱟᱨ ᱥᱟᱶᱥ ᱧᱮᱞ ᱢᱮ		
C:\Projects\hackathons\isih\src\scenarios\machinery-conveyor-loto.json	$.nodes[11].expect[1].label	Keep him calm	ᱩᱱᱤ ᱨᱟᱹᱯᱟᱹ ᱫᱚᱦᱚᱭ ᱢᱮ		
C:\Projects\hackathons\isih\src\scenarios\machinery-conveyor-loto.json	$.nodes[11].onTimeout.consequence.text	Your helper was left alone after the belt was made safe.	ᱵᱮᱞᱴ ᱨᱚᱠᱷᱟ ᱵᱮᱱᱟᱣ ᱛᱟᱭᱚᱢ ᱟᱢᱟᱜ ᱦᱮᱞᱯᱚᱨ ᱮᱥᱠᱟᱨ ᱮ ᱛᱟᱦᱮᱸ ᱞᱮᱱᱟ।		
C:\Projects\hackathons\isih\src\scenarios\machinery-conveyor-loto.json	$.nodes[12].prompt.text	The first-aid team has taken him. The belt is still locked. Now clear the coal: tap the jammed coal and choose "Use".	ᱯᱩᱭᱞᱩ ᱜᱚᱲᱚ ᱴᱤᱢ ᱩᱱᱤ ᱤᱫᱤ ᱠᱮᱫᱮᱭᱟ। ᱵᱮᱞᱴ ᱱᱤᱛᱚᱜ ᱦᱚᱸ ᱛᱟᱞᱟ ᱟᱠᱟᱱᱟ। ᱱᱤᱛᱚᱜ ᱠᱚᱭᱞᱟ ᱥᱟᱯᱷᱟ ᱢᱮ: ᱡᱟᱢ ᱮᱱ ᱠᱚᱭᱞᱟ ᱴᱮᱯ ᱢᱮ ᱟᱨ "ᱵᱮᱵᱷᱟᱨ ᱢᱮ" ᱵᱟᱪᱷᱟᱣ ᱢᱮ।		
C:\Projects\hackathons\isih\src\scenarios\machinery-conveyor-loto.json	$.nodes[12].goal.text	The first-aid team has taken him. Finish the job you came for.	ᱯᱩᱭᱞᱩ ᱜᱚᱲᱚ ᱴᱤᱢ ᱩᱱᱤ ᱤᱫᱤ ᱠᱮᱫᱮᱭᱟ। ᱟᱢ ᱡᱟᱦᱟᱸ ᱠᱟᱹᱢᱤ ᱞᱟᱹᱜᱤᱫ ᱦᱮᱡ ᱠᱟᱱᱟᱢ, ᱚᱱᱟ ᱪᱟᱵᱟ ᱢᱮ।		
C:\Projects\hackathons\isih\src\scenarios\machinery-conveyor-loto.json	$.nodes[12].expect[0].label	Clear the jam	ᱡᱟᱢ ᱥᱟᱯᱷᱟ ᱢᱮ		
C:\Projects\hackathons\isih\src\scenarios\machinery-conveyor-loto.json	$.nodes[12].onTimeout.consequence.text	The jam was not cleared.	ᱡᱟᱢ ᱵᱟᱭ ᱥᱟᱯᱷᱟ ᱞᱮᱱᱟ।		
C:\Projects\hackathons\isih\src\scenarios\machinery-conveyor-loto.json	$.nodes[13].prompt.text	The job is done and everyone is clear. Only the person who put a lock on takes it off. Tap your padlock and choose "Open" to remove it. Then tap the radio and choose "Report to": belt {{belt}} is clear and ready to start.	ᱠᱟᱹᱢᱤ ᱪᱟᱵᱟ ᱮᱱᱟ ᱟᱨ ᱡᱚᱛᱚ ᱦᱚᱲ ᱥᱟᱹᱜᱤᱧ ᱨᱮ ᱢᱮᱱᱟᱜ ᱠᱚᱠᱟᱱᱟ। ᱡᱟᱦᱟᱸ ᱦᱚᱲ ᱛᱟᱞᱟ ᱞᱟᱹᱜᱟᱣ ᱟᱠᱟᱫᱮᱭᱟ, ᱩᱱᱤᱜᱮ ᱚᱱᱟ ᱚᱰᱚᱠ ᱟ। ᱟᱢᱟᱜ ᱛᱟᱞᱟ ᱴᱮᱯ ᱢᱮ ᱟᱨ ᱚᱰᱚᱠ ᱞᱟᱹᱜᱤᱫ "ᱡᱷᱤᱡ ᱢᱮ" ᱵᱟᱪᱷᱟᱣ ᱢᱮ। ᱚᱱᱟ ᱛᱟᱭᱚᱢ ᱨᱮᱰᱤᱭᱳ ᱴᱮᱯ ᱢᱮ ᱟᱨ "ᱠᱷᱚᱵᱚᱨ ᱮᱢ ᱢᱮ" ᱵᱟᱪᱷᱟᱣ ᱢᱮ: ᱵᱮᱞᱴ {{belt}} ᱥᱟᱯᱷᱟ ᱟᱠᱟᱱᱟ ᱟᱨ ᱮᱦᱚᱵ ᱞᱟᱹᱜᱤᱫ ᱛᱮᱭᱟᱨ ᱢᱮᱱᱟᱜ-ᱟ।		
C:\Projects\hackathons\isih\src\scenarios\machinery-conveyor-loto.json	$.nodes[13].goal.text	The jam is cleared and everyone is clear of the belt. Hand it back.	ᱡᱟᱢ ᱥᱟᱯᱷᱟ ᱮᱱᱟ ᱟᱨ ᱡᱚᱛᱚ ᱦᱚᱲ ᱵᱮᱞᱴ ᱠᱷᱚᱱ ᱥᱟᱹᱜᱤᱧ ᱨᱮ ᱢᱮᱱᱟᱜ ᱠᱚᱠᱟᱱᱟ। ᱱᱚᱶᱟ ᱫᱚᱦᱲᱟ ᱚᱛᱮᱭ ᱢᱮ।		
C:\Projects\hackathons\isih\src\scenarios\machinery-conveyor-loto.json	$.nodes[13].expect[0].label	Remove your lock	ᱟᱢᱟᱜ ᱛᱟᱞᱟ ᱚᱰᱚᱠ ᱢᱮ		
C:\Projects\hackathons\isih\src\scenarios\machinery-conveyor-loto.json	$.nodes[13].expect[1].label	Hand the belt back	ᱵᱮᱞᱴ ᱫᱚᱦᱲᱟ ᱚᱛᱮᱭ ᱢᱮ		
C:\Projects\hackathons\isih\src\scenarios\machinery-conveyor-loto.json	$.nodes[13].errors[0].consequence.text	You tried to start the belt yourself. The control room starts it, once they know the area is clear.	ᱟᱢ ᱟᱢᱜᱮ ᱵᱮᱞᱴ ᱮᱦᱚᱵ ᱥᱟᱱᱟ ᱠᱮᱫᱟᱢ। ᱡᱟᱭᱜᱟ ᱥᱟᱯᱷᱟ ᱢᱮᱱᱟᱜ-ᱟ ᱚᱱᱟ ᱵᱟᱰᱟᱭ ᱠᱟᱛᱮ ᱠᱚᱱᱴᱨᱚᱞ ᱨᱩᱢ ᱜᱮ ᱱᱚᱶᱟ ᱮᱦᱚᱵᱟ।		
C:\Projects\hackathons\isih\src\scenarios\machinery-conveyor-loto.json	$.nodes[13].onTimeout.consequence.text	The belt was not handed back to the control room.	ᱵᱮᱞᱴ ᱠᱚᱱᱴᱨᱚᱞ ᱨᱩᱢ ᱛᱷᱮᱱ ᱵᱟᱭ ᱚᱛᱮᱭ ᱞᱮᱱᱟ।		
C:\Projects\hackathons\isih\src\scenarios\machinery-conveyor-loto.json	$.nodes[14].prompt.text	Belt {{belt}} is back in service.	ᱵᱮᱞᱴ {{belt}} ᱫᱚᱦᱲᱟ ᱠᱟᱹᱢᱤ ᱨᱮ ᱦᱮᱡ ᱟᱠᱟᱱᱟ।		
C:\Projects\hackathons\isih\src\scenarios\machinery-conveyor-loto.json	$.nodes[14].summary.text	You spotted the loose gamchha and the jam, and made sure nobody worked on a live belt. When your helper was caught, you stopped the belt instead of grabbing him, isolated the right belt, locked, tagged and tested it, and only then went to him. Stopping the machine before touching the person is the reflex this drill exists for.	ᱟᱢ ᱞᱚᱦᱚᱨ ᱜᱟᱢᱪᱷᱟ ᱟᱨ ᱡᱟᱢ ᱧᱮᱞ ᱠᱮᱫᱟᱢ, ᱟᱨ ᱪᱟᱞᱟᱣ ᱵᱮᱞᱴ ᱨᱮ ᱡᱟᱦᱟᱸ ᱦᱚᱲ ᱠᱟᱹᱢᱤ ᱵᱟᱭ ᱠᱟᱣᱟ ᱚᱱᱟ ᱯᱚᱠᱷᱟ ᱠᱮᱫᱟᱢ। ᱟᱢᱟᱜ ᱦᱮᱞᱯᱚᱨ ᱥᱟᱵ ᱮᱱ ᱚᱠᱛᱚ ᱟᱢ ᱩᱱᱤ ᱥᱟᱵ ᱵᱚᱫᱚᱞ ᱵᱮᱞᱴ ᱛᱮᱸᱜᱚ ᱠᱮᱫᱟᱢ, ᱴᱷᱤᱠ ᱵᱮᱞᱴ ᱟᱭᱥᱚᱞᱮᱴ ᱠᱮᱫᱟᱢ, ᱛᱟᱞᱟ ᱟᱨ ᱴᱮᱜ ᱞᱟᱹᱜᱟᱣ ᱠᱮᱫᱟᱢ, ᱡᱟᱸᱪ ᱠᱮᱫᱟᱢ, ᱟᱨ ᱚᱱᱟ ᱛᱟᱭᱚᱢ ᱜᱮ ᱩᱱᱤ ᱡᱟᱦᱟᱡ ᱥᱮᱱ ᱮᱱᱟᱢ। ᱦᱚᱲ ᱡᱚᱢᱟᱜ ᱞᱟᱦᱟ ᱢᱮᱥᱤᱱ ᱛᱮᱸᱜᱚ, ᱱᱚᱶᱟ ᱟᱹᱣᱟᱛ ᱱᱚᱶᱟ ᱞᱟᱹᱜᱤᱫ ᱜᱮ ᱢᱮᱱᱟᱜ-ᱟ।		
C:\Projects\hackathons\isih\src\scenarios\machinery-conveyor-loto.json	$.nodes[15].prompt.text	The drill has ended.	ᱟᱹᱣᱟᱛ ᱪᱟᱵᱟ ᱮᱱᱟ।		
C:\Projects\hackathons\isih\src\scenarios\machinery-conveyor-loto.json	$.nodes[15].summary.text	You put your hands into the tail pulley of a belt that was not isolated. A stopped belt can start at any moment from the control room. Stop, isolate, lock, tag and test before any hand goes near a pulley.	ᱟᱢ ᱟᱭᱥᱚᱞᱮᱴ ᱵᱟᱝ ᱦᱩᱭ ᱟᱠᱟᱱ ᱵᱮᱞᱴ ᱨᱮᱭᱟᱜ ᱴᱮᱞ ᱯᱩᱞᱤ ᱵᱷᱤᱛᱨᱤ ᱛᱤ ᱮᱢ ᱠᱮᱫᱟᱢ। ᱛᱮᱸᱜᱚ ᱟᱠᱟᱱ ᱵᱮᱞᱴ ᱡᱟᱦᱟᱸ ᱚᱠᱛᱚ ᱠᱚᱱᱴᱨᱚᱞ ᱨᱩᱢ ᱠᱷᱚᱱ ᱮᱦᱚᱵᱚᱜ ᱫᱟᱲᱮᱭᱟᱜ-ᱟ। ᱡᱟᱦᱟᱱ ᱛᱤ ᱯᱩᱞᱤ ᱡᱟᱦᱟᱡ ᱥᱮᱱ ᱞᱟᱦᱟ ᱛᱮᱸᱜᱚ, ᱟᱭᱥᱚᱞᱮᱴ, ᱛᱟᱞᱟ, ᱴᱮᱜ ᱟᱨ ᱡᱟᱸᱪ ᱢᱮ।		
C:\Projects\hackathons\isih\src\scenarios\machinery-conveyor-loto.json	$.nodes[16].prompt.text	The drill has ended.	ᱟᱹᱣᱟᱛ ᱪᱟᱵᱟ ᱮᱱᱟ।		
C:\Projects\hackathons\isih\src\scenarios\machinery-conveyor-loto.json	$.nodes[16].summary.text	You grabbed your helper while the belt could still run, and the pulley pulled you in beside him. The fastest way to save someone caught in a machine is to stop the machine, not to reach for them.	ᱵᱮᱞᱴ ᱱᱤᱛᱚᱜ ᱦᱚᱸ ᱪᱟᱞᱟᱣ ᱫᱟᱲᱮᱭᱟᱜ ᱚᱠᱛᱚ ᱟᱢ ᱟᱢᱟᱜ ᱦᱮᱞᱯᱚᱨ ᱥᱟᱵ ᱠᱮᱫᱮᱭᱟᱢ, ᱟᱨ ᱯᱩᱞᱤ ᱟᱢ ᱦᱚᱸ ᱩᱱᱤᱭᱟᱜ ᱡᱟᱦᱟᱡ ᱚᱨ ᱮᱫ ᱢᱮᱭᱟ। ᱢᱮᱥᱤᱱ ᱨᱮ ᱥᱟᱵ ᱮᱱ ᱦᱚᱲ ᱨᱚᱠᱷᱟ ᱞᱟᱹᱜᱤᱫ ᱡᱟᱹᱞᱫᱤ ᱦᱚᱨ ᱫᱚ ᱢᱮᱥᱤᱱ ᱛᱮᱸᱜᱚ ᱠᱟᱱᱟ, ᱩᱱᱤ ᱥᱟᱵ ᱵᱟᱝ ᱠᱟᱱᱟ।		
C:\Projects\hackathons\isih\src\scenarios\machinery-conveyor-loto.json	$.nodes[17].prompt.text	The drill has ended.	ᱟᱹᱣᱟᱛ ᱪᱟᱵᱟ ᱮᱱᱟ।		
C:\Projects\hackathons\isih\src\scenarios\machinery-conveyor-loto.json	$.nodes[17].summary.text	The belt kept running while you hesitated. When someone is caught in a machine, the seconds before the pull cord is pulled decide how bad the injury is.	ᱟᱢ ᱫᱚᱢᱠᱟᱣ ᱠᱟᱱ ᱚᱠᱛᱮ ᱵᱮᱞᱴ ᱪᱟᱞᱟᱣ ᱛᱮᱭᱟᱜ ᱛᱟᱦᱮᱸ ᱮᱱᱟ। ᱡᱟᱦᱟᱸ ᱦᱚᱲ ᱢᱮᱥᱤᱱ ᱨᱮ ᱥᱟᱵ ᱮᱱᱟᱭ ᱚᱠᱛᱚ, ᱯᱩᱞ ᱠᱚᱨᱰ ᱚᱨ ᱞᱟᱦᱟ ᱨᱮᱱᱟᱜ ᱥᱮᱠᱮᱸᱰ ᱠᱚ ᱜᱮ ᱪᱚᱴ ᱪᱮᱛᱟᱱ ᱠᱟᱛᱷᱟ ᱛᱮᱭᱟᱨᱟ।		
